{
    "results": {
        "tool": {
            "name": "pytest",
            "version": "8.4.1"
        },
        "summary": {
            "tests": 2,
            "passed": 2,
            "failed": 0,
            "skipped": 0,
            "pending": 0,
            "other": 0,
            "start": 1784482002.4489517,
            "stop": 1784482002.4532714
        },
        "tests": [
            {
                "name": "test_outputs.py::test_all_numeric_checks_pass",
                "status": "passed",
                "duration": 0.00023452029563486576,
                "start": 1784482002.452546,
                "stop": 1784482002.4528863,
                "retries": 0,
                "file_path": "test_outputs.py"
            },
            {
                "name": "test_outputs.py::test_expected_checks_present",
                "status": "passed",
                "duration": 0.00016462011262774467,
                "start": 1784482002.4529772,
                "stop": 1784482002.4532027,
                "retries": 0,
                "file_path": "test_outputs.py"
            }
        ]
    }
}