{
    "results": {
        "tool": {
            "name": "pytest",
            "version": "8.4.1"
        },
        "summary": {
            "tests": 2,
            "passed": 2,
            "failed": 0,
            "skipped": 0,
            "pending": 0,
            "other": 0,
            "start": 1784473216.4812324,
            "stop": 1784473216.4856281
        },
        "tests": [
            {
                "name": "test_outputs.py::test_all_checks_pass",
                "status": "passed",
                "duration": 0.00026769982650876045,
                "start": 1784473216.4848151,
                "stop": 1784473216.4851887,
                "retries": 0,
                "file_path": "test_outputs.py"
            },
            {
                "name": "test_outputs.py::test_expected_checks_present",
                "status": "passed",
                "duration": 0.0002062798012048006,
                "start": 1784473216.485286,
                "stop": 1784473216.4855554,
                "retries": 0,
                "file_path": "test_outputs.py"
            }
        ]
    }
}