{
  "results": {
    "tool": {
      "name": "pytest",
      "version": "8.4.1"
    },
    "summary": {
      "tests": 2,
      "passed": 2,
      "failed": 0,
      "skipped": 0,
      "pending": 0,
      "other": 0,
      "start": 1784498455.2784028,
      "stop": 1784498455.2827206
    },
    "tests": [
      {
        "name": "test_outputs.py::test_all_checks_pass",
        "status": "passed",
        "duration": 0.00022023101337254047,
        "start": 1784498455.2820268,
        "stop": 1784498455.2823467,
        "retries": 0,
        "file_path": "test_outputs.py"
      },
      {
        "name": "test_outputs.py::test_expected_checks_present",
        "status": "passed",
        "duration": 0.00016252975910902023,
        "start": 1784498455.2824345,
        "stop": 1784498455.2826555,
        "retries": 0,
        "file_path": "test_outputs.py"
      }
    ]
  }
}
