{
    "results": {
        "tool": {
            "name": "pytest",
            "version": "8.4.1"
        },
        "summary": {
            "tests": 2,
            "passed": 2,
            "failed": 0,
            "skipped": 0,
            "pending": 0,
            "other": 0,
            "start": 1784318899.738168,
            "stop": 1784318899.7433524
        },
        "tests": [
            {
                "name": "test_outputs.py::test_all_checks_pass",
                "status": "passed",
                "duration": 0.00026299012824893,
                "start": 1784318899.7425377,
                "stop": 1784318899.7429142,
                "retries": 0,
                "file_path": "test_outputs.py"
            },
            {
                "name": "test_outputs.py::test_expected_checks_present",
                "status": "passed",
                "duration": 0.00018997094593942165,
                "start": 1784318899.7430122,
                "stop": 1784318899.7432737,
                "retries": 0,
                "file_path": "test_outputs.py"
            }
        ]
    }
}