{
    "results": {
        "tool": {
            "name": "pytest",
            "version": "8.4.1"
        },
        "summary": {
            "tests": 2,
            "passed": 2,
            "failed": 0,
            "skipped": 0,
            "pending": 0,
            "other": 0,
            "start": 1784398032.6075935,
            "stop": 1784398032.6119783
        },
        "tests": [
            {
                "name": "test_outputs.py::test_all_numeric_checks_pass",
                "status": "passed",
                "duration": 0.00024194014258682728,
                "start": 1784398032.6112316,
                "stop": 1784398032.611577,
                "retries": 0,
                "file_path": "test_outputs.py"
            },
            {
                "name": "test_outputs.py::test_expected_checks_present",
                "status": "passed",
                "duration": 0.0001794800627976656,
                "start": 1784398032.611672,
                "stop": 1784398032.6119108,
                "retries": 0,
                "file_path": "test_outputs.py"
            }
        ]
    }
}