{
    "results": {
        "tool": {
            "name": "pytest",
            "version": "8.4.1"
        },
        "summary": {
            "tests": 2,
            "passed": 2,
            "failed": 0,
            "skipped": 0,
            "pending": 0,
            "other": 0,
            "start": 1784389470.809083,
            "stop": 1784389470.813368
        },
        "tests": [
            {
                "name": "test_outputs.py::test_all_numeric_checks_pass",
                "status": "passed",
                "duration": 0.00022841012105345726,
                "start": 1784389470.812653,
                "stop": 1784389470.812986,
                "retries": 0,
                "file_path": "test_outputs.py"
            },
            {
                "name": "test_outputs.py::test_expected_checks_present",
                "status": "passed",
                "duration": 0.00016449997201561928,
                "start": 1784389470.8130758,
                "stop": 1784389470.8133004,
                "retries": 0,
                "file_path": "test_outputs.py"
            }
        ]
    }
}