{
    "results": {
        "tool": {
            "name": "pytest",
            "version": "8.4.1"
        },
        "summary": {
            "tests": 2,
            "passed": 2,
            "failed": 0,
            "skipped": 0,
            "pending": 0,
            "other": 0,
            "start": 1784481756.260146,
            "stop": 1784481756.2650592
        },
        "tests": [
            {
                "name": "test_outputs.py::test_all_checks_pass",
                "status": "passed",
                "duration": 0.00033547007478773594,
                "start": 1784481756.2640855,
                "stop": 1784481756.264547,
                "retries": 0,
                "file_path": "test_outputs.py"
            },
            {
                "name": "test_outputs.py::test_expected_checks_present",
                "status": "passed",
                "duration": 0.00019945017993450165,
                "start": 1784481756.2646422,
                "stop": 1784481756.2649825,
                "retries": 0,
                "file_path": "test_outputs.py"
            }
        ]
    }
}