{
    "results": {
        "tool": {
            "name": "pytest",
            "version": "8.4.1"
        },
        "summary": {
            "tests": 2,
            "passed": 2,
            "failed": 0,
            "skipped": 0,
            "pending": 0,
            "other": 0,
            "start": 1784459303.8472471,
            "stop": 1784459303.8515182
        },
        "tests": [
            {
                "name": "test_outputs.py::test_all_numeric_checks_pass",
                "status": "passed",
                "duration": 0.00022406014613807201,
                "start": 1784459303.8508108,
                "stop": 1784459303.8511384,
                "retries": 0,
                "file_path": "test_outputs.py"
            },
            {
                "name": "test_outputs.py::test_expected_checks_present",
                "status": "passed",
                "duration": 0.00016243010759353638,
                "start": 1784459303.8512294,
                "stop": 1784459303.8514514,
                "retries": 0,
                "file_path": "test_outputs.py"
            }
        ]
    }
}