{
    "results": {
        "tool": {
            "name": "pytest",
            "version": "8.4.1"
        },
        "summary": {
            "tests": 2,
            "passed": 2,
            "failed": 0,
            "skipped": 0,
            "pending": 0,
            "other": 0,
            "start": 1784471212.5204391,
            "stop": 1784471212.5247312
        },
        "tests": [
            {
                "name": "test_outputs.py::test_all_checks_pass",
                "status": "passed",
                "duration": 0.00021629966795444489,
                "start": 1784471212.5240438,
                "stop": 1784471212.5243592,
                "retries": 0,
                "file_path": "test_outputs.py"
            },
            {
                "name": "test_outputs.py::test_expected_checks_present",
                "status": "passed",
                "duration": 0.00016263010911643505,
                "start": 1784471212.5244458,
                "stop": 1784471212.5246654,
                "retries": 0,
                "file_path": "test_outputs.py"
            }
        ]
    }
}