{
    "results": {
        "tool": {
            "name": "pytest",
            "version": "8.4.1"
        },
        "summary": {
            "tests": 2,
            "passed": 2,
            "failed": 0,
            "skipped": 0,
            "pending": 0,
            "other": 0,
            "start": 1784325926.8365414,
            "stop": 1784325926.840864
        },
        "tests": [
            {
                "name": "test_outputs.py::test_all_checks_pass",
                "status": "passed",
                "duration": 0.00025619007647037506,
                "start": 1784325926.8400693,
                "stop": 1784325926.8404298,
                "retries": 0,
                "file_path": "test_outputs.py"
            },
            {
                "name": "test_outputs.py::test_expected_checks_present",
                "status": "passed",
                "duration": 0.00020438083447515965,
                "start": 1784325926.8405225,
                "stop": 1784325926.8407943,
                "retries": 0,
                "file_path": "test_outputs.py"
            }
        ]
    }
}