{
  "results": {
    "tool": {
      "name": "pytest",
      "version": "8.4.1"
    },
    "summary": {
      "tests": 2,
      "passed": 2,
      "failed": 0,
      "skipped": 0,
      "pending": 0,
      "other": 0,
      "start": 1784313050.8771782,
      "stop": 1784313050.881491
    },
    "tests": [
      {
        "name": "test_outputs.py::test_all_checks_pass",
        "status": "passed",
        "duration": 0.00022921082563698292,
        "start": 1784313050.880775,
        "stop": 1784313050.881106,
        "retries": 0,
        "file_path": "test_outputs.py"
      },
      {
        "name": "test_outputs.py::test_expected_checks_present",
        "status": "passed",
        "duration": 0.00016967998817563057,
        "start": 1784313050.8811955,
        "stop": 1784313050.881424,
        "retries": 0,
        "file_path": "test_outputs.py"
      }
    ]
  }
}
