{
  "shape": {
    "M": 8192,
    "N": 8192,
    "K": 8192
  },
  "warmup": 3,
  "repeats": 10,
  "original": {
    "source": "/tests/original_04-preshuffle_gemm.py",
    "accuracy": {
      "correct": true,
      "max_abs": 0.25,
      "max_violation": -0.0007156144129112363
    },
    "perf": {
      "median_ms": 1.60715651512146,
      "times_ms": [
        1.724660038948059,
        1.6902589797973633,
        1.6802990436553955,
        1.6180570125579834,
        1.5781760215759277,
        1.6160969734191895,
        1.558655023574829,
        1.5982160568237305,
        1.5878159999847412,
        1.530493974685669
      ]
    }
  },
  "candidate": {
    "source": "/app/04-preshuffle_gemm.py",
    "accuracy": {
      "correct": true,
      "max_abs": 0.0,
      "max_violation": -0.0010000037727877498
    },
    "perf": {
      "median_ms": 1.3642885088920593,
      "times_ms": [
        1.5119329690933228,
        1.452571988105774,
        1.37716805934906,
        1.396569013595581,
        1.3719689846038818,
        1.309525966644287,
        1.3566080331802368,
        1.3071260452270508,
        1.299805998802185,
        1.329846978187561
      ]
    }
  },
  "candidate_vs_original_max_abs": 0.25,
  "candidate_isa_dir": "/tmp/flydsl_candidate_isa"
}
