{
    "results": {
        "tool": {
            "name": "pytest",
            "version": "8.4.1"
        },
        "summary": {
            "tests": 2,
            "passed": 2,
            "failed": 0,
            "skipped": 0,
            "pending": 0,
            "other": 0,
            "start": 1784430967.3991766,
            "stop": 1784430967.404318
        },
        "tests": [
            {
                "name": "test_outputs.py::test_all_checks_pass",
                "status": "passed",
                "duration": 0.0002581800799816847,
                "start": 1784430967.4035158,
                "stop": 1784430967.4038897,
                "retries": 0,
                "file_path": "test_outputs.py"
            },
            {
                "name": "test_outputs.py::test_expected_checks_present",
                "status": "passed",
                "duration": 0.00018592015840113163,
                "start": 1784430967.4039845,
                "stop": 1784430967.4042416,
                "retries": 0,
                "file_path": "test_outputs.py"
            }
        ]
    }
}