{
    "results": {
        "tool": {
            "name": "pytest",
            "version": "8.4.1"
        },
        "summary": {
            "tests": 2,
            "passed": 2,
            "failed": 0,
            "skipped": 0,
            "pending": 0,
            "other": 0,
            "start": 1784390912.259051,
            "stop": 1784390912.2640839
        },
        "tests": [
            {
                "name": "test_outputs.py::test_all_checks_pass",
                "status": "passed",
                "duration": 0.0002565402537584305,
                "start": 1784390912.2632966,
                "stop": 1784390912.2636635,
                "retries": 0,
                "file_path": "test_outputs.py"
            },
            {
                "name": "test_outputs.py::test_expected_checks_present",
                "status": "passed",
                "duration": 0.00018209987320005894,
                "start": 1784390912.2637568,
                "stop": 1784390912.2640097,
                "retries": 0,
                "file_path": "test_outputs.py"
            }
        ]
    }
}