{
    "results": {
        "tool": {
            "name": "pytest",
            "version": "8.4.1"
        },
        "summary": {
            "tests": 2,
            "passed": 2,
            "failed": 0,
            "skipped": 0,
            "pending": 0,
            "other": 0,
            "start": 1784443526.193803,
            "stop": 1784443526.1981761
        },
        "tests": [
            {
                "name": "test_outputs.py::test_all_checks_pass",
                "status": "passed",
                "duration": 0.00026364042423665524,
                "start": 1784443526.197375,
                "stop": 1784443526.1977444,
                "retries": 0,
                "file_path": "test_outputs.py"
            },
            {
                "name": "test_outputs.py::test_expected_checks_present",
                "status": "passed",
                "duration": 0.00020754081197082996,
                "start": 1784443526.1978388,
                "stop": 1784443526.1981068,
                "retries": 0,
                "file_path": "test_outputs.py"
            }
        ]
    }
}