{
    "results": {
        "tool": {
            "name": "pytest",
            "version": "8.4.1"
        },
        "summary": {
            "tests": 2,
            "passed": 2,
            "failed": 0,
            "skipped": 0,
            "pending": 0,
            "other": 0,
            "start": 1784661147.1864674,
            "stop": 1784661147.1907513
        },
        "tests": [
            {
                "name": "test_outputs.py::test_all_checks_pass",
                "status": "passed",
                "duration": 0.00023146020248532295,
                "start": 1784661147.1900215,
                "stop": 1784661147.1903567,
                "retries": 0,
                "file_path": "test_outputs.py"
            },
            {
                "name": "test_outputs.py::test_expected_checks_present",
                "status": "passed",
                "duration": 0.0001710900105535984,
                "start": 1784661147.190447,
                "stop": 1784661147.1906805,
                "retries": 0,
                "file_path": "test_outputs.py"
            }
        ]
    }
}