{
    "results": {
        "tool": {
            "name": "pytest",
            "version": "8.4.1"
        },
        "summary": {
            "tests": 2,
            "passed": 2,
            "failed": 0,
            "skipped": 0,
            "pending": 0,
            "other": 0,
            "start": 1784430025.4332325,
            "stop": 1784430025.4377215
        },
        "tests": [
            {
                "name": "test_outputs.py::test_all_checks_pass",
                "status": "passed",
                "duration": 0.0003062901087105274,
                "start": 1784430025.4369202,
                "stop": 1784430025.4373388,
                "retries": 0,
                "file_path": "test_outputs.py"
            },
            {
                "name": "test_outputs.py::test_expected_checks_present",
                "status": "passed",
                "duration": 0.00017317011952400208,
                "start": 1784430025.437423,
                "stop": 1784430025.4376526,
                "retries": 0,
                "file_path": "test_outputs.py"
            }
        ]
    }
}