{
    "results": {
        "tool": {
            "name": "pytest",
            "version": "8.4.1"
        },
        "summary": {
            "tests": 2,
            "passed": 2,
            "failed": 0,
            "skipped": 0,
            "pending": 0,
            "other": 0,
            "start": 1784325355.4975166,
            "stop": 1784325355.5017045
        },
        "tests": [
            {
                "name": "test_outputs.py::test_all_checks_pass",
                "status": "passed",
                "duration": 0.0002844796981662512,
                "start": 1784325355.5009384,
                "stop": 1784325355.5013294,
                "retries": 0,
                "file_path": "test_outputs.py"
            },
            {
                "name": "test_outputs.py::test_expected_checks_present",
                "status": "passed",
                "duration": 0.00017104018479585648,
                "start": 1784325355.5014107,
                "stop": 1784325355.501637,
                "retries": 0,
                "file_path": "test_outputs.py"
            }
        ]
    }
}