{
    "results": {
        "tool": {
            "name": "pytest",
            "version": "8.4.1"
        },
        "summary": {
            "tests": 2,
            "passed": 2,
            "failed": 0,
            "skipped": 0,
            "pending": 0,
            "other": 0,
            "start": 1784337947.2784133,
            "stop": 1784337947.283516
        },
        "tests": [
            {
                "name": "test_outputs.py::test_all_checks_pass",
                "status": "passed",
                "duration": 0.0002561004366725683,
                "start": 1784337947.282712,
                "stop": 1784337947.283088,
                "retries": 0,
                "file_path": "test_outputs.py"
            },
            {
                "name": "test_outputs.py::test_expected_checks_present",
                "status": "passed",
                "duration": 0.00018285959959030151,
                "start": 1784337947.2831829,
                "stop": 1784337947.2834387,
                "retries": 0,
                "file_path": "test_outputs.py"
            }
        ]
    }
}