{
    "results": {
        "tool": {
            "name": "pytest",
            "version": "8.4.1"
        },
        "summary": {
            "tests": 2,
            "passed": 2,
            "failed": 0,
            "skipped": 0,
            "pending": 0,
            "other": 0,
            "start": 1784430227.0714357,
            "stop": 1784430227.0756187
        },
        "tests": [
            {
                "name": "test_outputs.py::test_all_checks_pass",
                "status": "passed",
                "duration": 0.00022914004512131214,
                "start": 1784430227.0749042,
                "stop": 1784430227.0752356,
                "retries": 0,
                "file_path": "test_outputs.py"
            },
            {
                "name": "test_outputs.py::test_expected_checks_present",
                "status": "passed",
                "duration": 0.00016718031838536263,
                "start": 1784430227.0753238,
                "stop": 1784430227.0755515,
                "retries": 0,
                "file_path": "test_outputs.py"
            }
        ]
    }
}