{
    "results": {
        "tool": {
            "name": "pytest",
            "version": "8.4.1"
        },
        "summary": {
            "tests": 2,
            "passed": 2,
            "failed": 0,
            "skipped": 0,
            "pending": 0,
            "other": 0,
            "start": 1784336403.9362211,
            "stop": 1784336403.940575
        },
        "tests": [
            {
                "name": "test_outputs.py::test_all_checks_pass",
                "status": "passed",
                "duration": 0.00022545014508068562,
                "start": 1784336403.9398677,
                "stop": 1784336403.9401937,
                "retries": 0,
                "file_path": "test_outputs.py"
            },
            {
                "name": "test_outputs.py::test_expected_checks_present",
                "status": "passed",
                "duration": 0.00016517983749508858,
                "start": 1784336403.940283,
                "stop": 1784336403.9405077,
                "retries": 0,
                "file_path": "test_outputs.py"
            }
        ]
    }
}