{
    "results": {
        "tool": {
            "name": "pytest",
            "version": "8.4.1"
        },
        "summary": {
            "tests": 2,
            "passed": 2,
            "failed": 0,
            "skipped": 0,
            "pending": 0,
            "other": 0,
            "start": 1784337702.644195,
            "stop": 1784337702.6493797
        },
        "tests": [
            {
                "name": "test_outputs.py::test_all_checks_pass",
                "status": "passed",
                "duration": 0.00026341015473008156,
                "start": 1784337702.648567,
                "stop": 1784337702.6489446,
                "retries": 0,
                "file_path": "test_outputs.py"
            },
            {
                "name": "test_outputs.py::test_expected_checks_present",
                "status": "passed",
                "duration": 0.00018888991326093674,
                "start": 1784337702.649042,
                "stop": 1784337702.649301,
                "retries": 0,
                "file_path": "test_outputs.py"
            }
        ]
    }
}