{
    "results": {
        "tool": {
            "name": "pytest",
            "version": "8.4.1"
        },
        "summary": {
            "tests": 2,
            "passed": 2,
            "failed": 0,
            "skipped": 0,
            "pending": 0,
            "other": 0,
            "start": 1784324924.7059178,
            "stop": 1784324924.7109153
        },
        "tests": [
            {
                "name": "test_outputs.py::test_all_checks_pass",
                "status": "passed",
                "duration": 0.0002657300792634487,
                "start": 1784324924.710117,
                "stop": 1784324924.7105045,
                "retries": 0,
                "file_path": "test_outputs.py"
            },
            {
                "name": "test_outputs.py::test_expected_checks_present",
                "status": "passed",
                "duration": 0.00017555011436343193,
                "start": 1784324924.7106001,
                "stop": 1784324924.7108383,
                "retries": 0,
                "file_path": "test_outputs.py"
            }
        ]
    }
}