{
    "results": {
        "tool": {
            "name": "pytest",
            "version": "8.4.1"
        },
        "summary": {
            "tests": 2,
            "passed": 2,
            "failed": 0,
            "skipped": 0,
            "pending": 0,
            "other": 0,
            "start": 1784442524.079533,
            "stop": 1784442524.0840037
        },
        "tests": [
            {
                "name": "test_outputs.py::test_all_checks_pass",
                "status": "passed",
                "duration": 0.00022920011542737484,
                "start": 1784442524.0832891,
                "stop": 1784442524.0836225,
                "retries": 0,
                "file_path": "test_outputs.py"
            },
            {
                "name": "test_outputs.py::test_expected_checks_present",
                "status": "passed",
                "duration": 0.00016359006986021996,
                "start": 1784442524.0837114,
                "stop": 1784442524.0839357,
                "retries": 0,
                "file_path": "test_outputs.py"
            }
        ]
    }
}