{
    "results": {
        "tool": {
            "name": "pytest",
            "version": "8.4.1"
        },
        "summary": {
            "tests": 2,
            "passed": 2,
            "failed": 0,
            "skipped": 0,
            "pending": 0,
            "other": 0,
            "start": 1784336991.5301936,
            "stop": 1784336991.5344846
        },
        "tests": [
            {
                "name": "test_outputs.py::test_all_checks_pass",
                "status": "passed",
                "duration": 0.00023260992020368576,
                "start": 1784336991.5337706,
                "stop": 1784336991.534106,
                "retries": 0,
                "file_path": "test_outputs.py"
            },
            {
                "name": "test_outputs.py::test_expected_checks_present",
                "status": "passed",
                "duration": 0.0001641197595745325,
                "start": 1784336991.5341938,
                "stop": 1784336991.534417,
                "retries": 0,
                "file_path": "test_outputs.py"
            }
        ]
    }
}