{
    "results": {
        "tool": {
            "name": "pytest",
            "version": "8.4.1"
        },
        "summary": {
            "tests": 2,
            "passed": 2,
            "failed": 0,
            "skipped": 0,
            "pending": 0,
            "other": 0,
            "start": 1784303976.1037138,
            "stop": 1784303976.108394
        },
        "tests": [
            {
                "name": "test_outputs.py::test_all_checks_pass",
                "status": "passed",
                "duration": 0.00024102022871375084,
                "start": 1784303976.107648,
                "stop": 1784303976.1079965,
                "retries": 0,
                "file_path": "test_outputs.py"
            },
            {
                "name": "test_outputs.py::test_expected_checks_present",
                "status": "passed",
                "duration": 0.00017245090566575527,
                "start": 1784303976.1080894,
                "stop": 1784303976.1083243,
                "retries": 0,
                "file_path": "test_outputs.py"
            }
        ]
    }
}