{
    "results": {
        "tool": {
            "name": "pytest",
            "version": "8.4.1"
        },
        "summary": {
            "tests": 2,
            "passed": 2,
            "failed": 0,
            "skipped": 0,
            "pending": 0,
            "other": 0,
            "start": 1784430257.2472053,
            "stop": 1784430257.2522962
        },
        "tests": [
            {
                "name": "test_outputs.py::test_all_checks_pass",
                "status": "passed",
                "duration": 0.00025609019212424755,
                "start": 1784430257.2515068,
                "stop": 1784430257.2518742,
                "retries": 0,
                "file_path": "test_outputs.py"
            },
            {
                "name": "test_outputs.py::test_expected_checks_present",
                "status": "passed",
                "duration": 0.0001830898690968752,
                "start": 1784430257.2519696,
                "stop": 1784430257.2522209,
                "retries": 0,
                "file_path": "test_outputs.py"
            }
        ]
    }
}