{
    "results": {
        "tool": {
            "name": "pytest",
            "version": "8.4.1"
        },
        "summary": {
            "tests": 2,
            "passed": 2,
            "failed": 0,
            "skipped": 0,
            "pending": 0,
            "other": 0,
            "start": 1784398089.0652027,
            "stop": 1784398089.0696743
        },
        "tests": [
            {
                "name": "test_outputs.py::test_all_checks_pass",
                "status": "passed",
                "duration": 0.00022687995806336403,
                "start": 1784398089.0689614,
                "stop": 1784398089.0692947,
                "retries": 0,
                "file_path": "test_outputs.py"
            },
            {
                "name": "test_outputs.py::test_expected_checks_present",
                "status": "passed",
                "duration": 0.00016138097271323204,
                "start": 1784398089.0693834,
                "stop": 1784398089.069605,
                "retries": 0,
                "file_path": "test_outputs.py"
            }
        ]
    }
}