{
    "results": {
        "tool": {
            "name": "pytest",
            "version": "8.4.1"
        },
        "summary": {
            "tests": 2,
            "passed": 2,
            "failed": 0,
            "skipped": 0,
            "pending": 0,
            "other": 0,
            "start": 1784457105.5124445,
            "stop": 1784457105.5186138
        },
        "tests": [
            {
                "name": "test_outputs.py::test_all_shapes_correct",
                "status": "passed",
                "duration": 0.000278969993814826,
                "start": 1784457105.5177755,
                "stop": 1784457105.5181742,
                "retries": 0,
                "file_path": "test_outputs.py"
            },
            {
                "name": "test_outputs.py::test_aggregate_speedup",
                "status": "passed",
                "duration": 0.00019689020700752735,
                "start": 1784457105.51827,
                "stop": 1784457105.518537,
                "retries": 0,
                "file_path": "test_outputs.py"
            }
        ]
    }
}