{
    "results": {
        "tool": {
            "name": "pytest",
            "version": "8.4.1"
        },
        "summary": {
            "tests": 2,
            "passed": 2,
            "failed": 0,
            "skipped": 0,
            "pending": 0,
            "other": 0,
            "start": 1784532509.2170222,
            "stop": 1784532509.2212956
        },
        "tests": [
            {
                "name": "test_outputs.py::test_all_checks_pass",
                "status": "passed",
                "duration": 0.0002283100038766861,
                "start": 1784532509.2206054,
                "stop": 1784532509.2209299,
                "retries": 0,
                "file_path": "test_outputs.py"
            },
            {
                "name": "test_outputs.py::test_expected_checks_present",
                "status": "passed",
                "duration": 0.00016067991964519024,
                "start": 1784532509.2210162,
                "stop": 1784532509.2212317,
                "retries": 0,
                "file_path": "test_outputs.py"
            }
        ]
    }
}