{
  "results": {
    "tool": {
      "name": "pytest",
      "version": "8.4.1"
    },
    "summary": {
      "tests": 2,
      "passed": 2,
      "failed": 0,
      "skipped": 0,
      "pending": 0,
      "other": 0,
      "start": 1784499287.7702997,
      "stop": 1784499287.7746282
    },
    "tests": [
      {
        "name": "test_outputs.py::test_all_checks_pass",
        "status": "passed",
        "duration": 0.00022826972417533398,
        "start": 1784499287.7739093,
        "stop": 1784499287.7742393,
        "retries": 0,
        "file_path": "test_outputs.py"
      },
      {
        "name": "test_outputs.py::test_expected_checks_present",
        "status": "passed",
        "duration": 0.00016992981545627117,
        "start": 1784499287.77433,
        "stop": 1784499287.7745597,
        "retries": 0,
        "file_path": "test_outputs.py"
      }
    ]
  }
}
