{
  "results": {
    "tool": {
      "name": "pytest",
      "version": "8.4.1"
    },
    "summary": {
      "tests": 2,
      "passed": 2,
      "failed": 0,
      "skipped": 0,
      "pending": 0,
      "other": 0,
      "start": 1784500316.4464896,
      "stop": 1784500316.4515197
    },
    "tests": [
      {
        "name": "test_outputs.py::test_all_checks_pass",
        "status": "passed",
        "duration": 0.00025086989626288414,
        "start": 1784500316.4507318,
        "stop": 1784500316.451092,
        "retries": 0,
        "file_path": "test_outputs.py"
      },
      {
        "name": "test_outputs.py::test_expected_checks_present",
        "status": "passed",
        "duration": 0.0001820097677409649,
        "start": 1784500316.451189,
        "stop": 1784500316.4514422,
        "retries": 0,
        "file_path": "test_outputs.py"
      }
    ]
  }
}
