{
    "results": {
        "tool": {
            "name": "pytest",
            "version": "8.4.1"
        },
        "summary": {
            "tests": 2,
            "passed": 2,
            "failed": 0,
            "skipped": 0,
            "pending": 0,
            "other": 0,
            "start": 1784442317.772377,
            "stop": 1784442317.77878
        },
        "tests": [
            {
                "name": "test_outputs.py::test_all_shapes_correct",
                "status": "passed",
                "duration": 0.00030267005786299706,
                "start": 1784442317.7779062,
                "stop": 1784442317.7783325,
                "retries": 0,
                "file_path": "test_outputs.py"
            },
            {
                "name": "test_outputs.py::test_aggregate_speedup",
                "status": "passed",
                "duration": 0.00019807973876595497,
                "start": 1784442317.7784305,
                "stop": 1784442317.7786992,
                "retries": 0,
                "file_path": "test_outputs.py"
            }
        ]
    }
}