{
    "results": {
        "tool": {
            "name": "pytest",
            "version": "8.4.1"
        },
        "summary": {
            "tests": 2,
            "passed": 2,
            "failed": 0,
            "skipped": 0,
            "pending": 0,
            "other": 0,
            "start": 1784480916.6884027,
            "stop": 1784480916.6928208
        },
        "tests": [
            {
                "name": "test_outputs.py::test_all_checks_pass",
                "status": "passed",
                "duration": 0.00022240006364881992,
                "start": 1784480916.6921065,
                "stop": 1784480916.6924293,
                "retries": 0,
                "file_path": "test_outputs.py"
            },
            {
                "name": "test_outputs.py::test_expected_checks_present",
                "status": "passed",
                "duration": 0.00015730992890894413,
                "start": 1784480916.6925166,
                "stop": 1784480916.6927314,
                "retries": 0,
                "file_path": "test_outputs.py"
            }
        ]
    }
}