{
    "results": {
        "tool": {
            "name": "pytest",
            "version": "8.4.1"
        },
        "summary": {
            "tests": 2,
            "passed": 2,
            "failed": 0,
            "skipped": 0,
            "pending": 0,
            "other": 0,
            "start": 1784443126.4211843,
            "stop": 1784443126.4255385
        },
        "tests": [
            {
                "name": "test_outputs.py::test_all_checks_pass",
                "status": "passed",
                "duration": 0.0003470098599791527,
                "start": 1784443126.4246902,
                "stop": 1784443126.4251492,
                "retries": 0,
                "file_path": "test_outputs.py"
            },
            {
                "name": "test_outputs.py::test_expected_checks_present",
                "status": "passed",
                "duration": 0.00017695012502372265,
                "start": 1784443126.4252355,
                "stop": 1784443126.4254699,
                "retries": 0,
                "file_path": "test_outputs.py"
            }
        ]
    }
}