{
    "results": {
        "tool": {
            "name": "pytest",
            "version": "8.4.1"
        },
        "summary": {
            "tests": 2,
            "passed": 2,
            "failed": 0,
            "skipped": 0,
            "pending": 0,
            "other": 0,
            "start": 1784335875.5670538,
            "stop": 1784335875.573183
        },
        "tests": [
            {
                "name": "test_outputs.py::test_all_shapes_correct",
                "status": "passed",
                "duration": 0.0002793800085783005,
                "start": 1784335875.572317,
                "stop": 1784335875.572712,
                "retries": 0,
                "file_path": "test_outputs.py"
            },
            {
                "name": "test_outputs.py::test_aggregate_speedup",
                "status": "passed",
                "duration": 0.00020211003720760345,
                "start": 1784335875.5728304,
                "stop": 1784335875.5731046,
                "retries": 0,
                "file_path": "test_outputs.py"
            }
        ]
    }
}