{
    "results": {
        "tool": {
            "name": "pytest",
            "version": "8.4.1"
        },
        "summary": {
            "tests": 2,
            "passed": 2,
            "failed": 0,
            "skipped": 0,
            "pending": 0,
            "other": 0,
            "start": 1784327030.39278,
            "stop": 1784327030.3979867
        },
        "tests": [
            {
                "name": "test_outputs.py::test_all_checks_pass",
                "status": "passed",
                "duration": 0.000260370085015893,
                "start": 1784327030.3971941,
                "stop": 1784327030.3975644,
                "retries": 0,
                "file_path": "test_outputs.py"
            },
            {
                "name": "test_outputs.py::test_expected_checks_present",
                "status": "passed",
                "duration": 0.00018557999283075333,
                "start": 1784327030.3976579,
                "stop": 1784327030.397912,
                "retries": 0,
                "file_path": "test_outputs.py"
            }
        ]
    }
}