{
    "results": {
        "tool": {
            "name": "pytest",
            "version": "8.4.1"
        },
        "summary": {
            "tests": 2,
            "passed": 2,
            "failed": 0,
            "skipped": 0,
            "pending": 0,
            "other": 0,
            "start": 1784323172.907714,
            "stop": 1784323172.912279
        },
        "tests": [
            {
                "name": "test_outputs.py::test_all_checks_pass",
                "status": "passed",
                "duration": 0.00022320006974041462,
                "start": 1784323172.9115705,
                "stop": 1784323172.9118974,
                "retries": 0,
                "file_path": "test_outputs.py"
            },
            {
                "name": "test_outputs.py::test_expected_checks_present",
                "status": "passed",
                "duration": 0.00016333977691829205,
                "start": 1784323172.9119873,
                "stop": 1784323172.9122114,
                "retries": 0,
                "file_path": "test_outputs.py"
            }
        ]
    }
}