{
    "results": {
        "tool": {
            "name": "pytest",
            "version": "8.4.1"
        },
        "summary": {
            "tests": 2,
            "passed": 2,
            "failed": 0,
            "skipped": 0,
            "pending": 0,
            "other": 0,
            "start": 1784533856.9936135,
            "stop": 1784533856.9987025
        },
        "tests": [
            {
                "name": "test_outputs.py::test_all_checks_pass",
                "status": "passed",
                "duration": 0.00025310111232101917,
                "start": 1784533856.9979131,
                "stop": 1784533856.9982784,
                "retries": 0,
                "file_path": "test_outputs.py"
            },
            {
                "name": "test_outputs.py::test_expected_checks_present",
                "status": "passed",
                "duration": 0.00018216995522379875,
                "start": 1784533856.9983733,
                "stop": 1784533856.998626,
                "retries": 0,
                "file_path": "test_outputs.py"
            }
        ]
    }
}