{
    "results": {
        "tool": {
            "name": "pytest",
            "version": "8.4.1"
        },
        "summary": {
            "tests": 2,
            "passed": 2,
            "failed": 0,
            "skipped": 0,
            "pending": 0,
            "other": 0,
            "start": 1784443762.8331866,
            "stop": 1784443762.8382692
        },
        "tests": [
            {
                "name": "test_outputs.py::test_all_checks_pass",
                "status": "passed",
                "duration": 0.00025412975810468197,
                "start": 1784443762.8374796,
                "stop": 1784443762.8378475,
                "retries": 0,
                "file_path": "test_outputs.py"
            },
            {
                "name": "test_outputs.py::test_expected_checks_present",
                "status": "passed",
                "duration": 0.00018378021195530891,
                "start": 1784443762.8379407,
                "stop": 1784443762.838193,
                "retries": 0,
                "file_path": "test_outputs.py"
            }
        ]
    }
}