{
    "results": {
        "tool": {
            "name": "pytest",
            "version": "8.4.1"
        },
        "summary": {
            "tests": 2,
            "passed": 2,
            "failed": 0,
            "skipped": 0,
            "pending": 0,
            "other": 0,
            "start": 1784337431.6277099,
            "stop": 1784337431.631961
        },
        "tests": [
            {
                "name": "test_outputs.py::test_all_checks_pass",
                "status": "passed",
                "duration": 0.00023135985247790813,
                "start": 1784337431.6312358,
                "stop": 1784337431.6315699,
                "retries": 0,
                "file_path": "test_outputs.py"
            },
            {
                "name": "test_outputs.py::test_expected_checks_present",
                "status": "passed",
                "duration": 0.00016966997645795345,
                "start": 1784337431.63166,
                "stop": 1784337431.6318922,
                "retries": 0,
                "file_path": "test_outputs.py"
            }
        ]
    }
}