{
  "shape": {
    "M": 8192,
    "N": 8192,
    "K": 8192
  },
  "warmup": 3,
  "repeats": 10,
  "original": {
    "source": "/tests/original_04-preshuffle_gemm.py",
    "accuracy": {
      "correct": true,
      "max_abs": 0.25,
      "max_violation": -0.0007156144129112363
    },
    "perf": {
      "median_ms": 1.5907580256462097,
      "times_ms": [
        1.7173420190811157,
        1.6798210144042969,
        1.6537389755249023,
        1.583536982536316,
        1.6160180568695068,
        1.594298005104065,
        1.5531760454177856,
        1.5872180461883545,
        1.5205750465393066,
        1.5589359998703003
      ]
    }
  },
  "candidate": {
    "source": "/app/04-preshuffle_gemm.py",
    "accuracy": {
      "correct": true,
      "max_abs": 0.0,
      "max_violation": -0.0010000037727877498
    },
    "perf": {
      "median_ms": 1.3862504959106445,
      "times_ms": [
        1.4897739887237549,
        1.358530044555664,
        1.0137170553207397,
        1.2564460039138794,
        1.667301058769226,
        1.6186189651489258,
        1.4647730588912964,
        1.3983709812164307,
        1.3694100379943848,
        1.3741300106048584
      ]
    }
  },
  "candidate_vs_original_max_abs": 0.25,
  "candidate_isa_dir": "/tmp/flydsl_candidate_isa"
}