{
    "results": {
        "tool": {
            "name": "pytest",
            "version": "8.4.1"
        },
        "summary": {
            "tests": 2,
            "passed": 2,
            "failed": 0,
            "skipped": 0,
            "pending": 0,
            "other": 0,
            "start": 1784332866.7359037,
            "stop": 1784332866.7401564
        },
        "tests": [
            {
                "name": "test_outputs.py::test_all_checks_pass",
                "status": "passed",
                "duration": 0.00023257010616362095,
                "start": 1784332866.7394307,
                "stop": 1784332866.7397664,
                "retries": 0,
                "file_path": "test_outputs.py"
            },
            {
                "name": "test_outputs.py::test_expected_checks_present",
                "status": "passed",
                "duration": 0.00016885017976164818,
                "start": 1784332866.739857,
                "stop": 1784332866.7400877,
                "retries": 0,
                "file_path": "test_outputs.py"
            }
        ]
    }
}