{
    "results": {
        "tool": {
            "name": "pytest",
            "version": "8.4.1"
        },
        "summary": {
            "tests": 2,
            "passed": 2,
            "failed": 0,
            "skipped": 0,
            "pending": 0,
            "other": 0,
            "start": 1784471794.735144,
            "stop": 1784471794.7394333
        },
        "tests": [
            {
                "name": "test_outputs.py::test_all_checks_pass",
                "status": "passed",
                "duration": 0.00023261015303432941,
                "start": 1784471794.7387216,
                "stop": 1784471794.7390559,
                "retries": 0,
                "file_path": "test_outputs.py"
            },
            {
                "name": "test_outputs.py::test_expected_checks_present",
                "status": "passed",
                "duration": 0.00016450020484626293,
                "start": 1784471794.7391453,
                "stop": 1784471794.739368,
                "retries": 0,
                "file_path": "test_outputs.py"
            }
        ]
    }
}