{
    "results": {
        "tool": {
            "name": "pytest",
            "version": "8.4.1"
        },
        "summary": {
            "tests": 2,
            "passed": 2,
            "failed": 0,
            "skipped": 0,
            "pending": 0,
            "other": 0,
            "start": 1784660690.6912525,
            "stop": 1784660690.6954875
        },
        "tests": [
            {
                "name": "test_outputs.py::test_all_checks_pass",
                "status": "passed",
                "duration": 0.0002853800542652607,
                "start": 1784660690.6947107,
                "stop": 1784660690.6951034,
                "retries": 0,
                "file_path": "test_outputs.py"
            },
            {
                "name": "test_outputs.py::test_expected_checks_present",
                "status": "passed",
                "duration": 0.00017417129129171371,
                "start": 1784660690.6951861,
                "stop": 1784660690.695418,
                "retries": 0,
                "file_path": "test_outputs.py"
            }
        ]
    }
}