{
    "results": {
        "tool": {
            "name": "pytest",
            "version": "8.4.1"
        },
        "summary": {
            "tests": 2,
            "passed": 2,
            "failed": 0,
            "skipped": 0,
            "pending": 0,
            "other": 0,
            "start": 1784428995.1113093,
            "stop": 1784428995.1158795
        },
        "tests": [
            {
                "name": "test_outputs.py::test_all_checks_pass",
                "status": "passed",
                "duration": 0.0002248799428343773,
                "start": 1784428995.1151707,
                "stop": 1784428995.1154976,
                "retries": 0,
                "file_path": "test_outputs.py"
            },
            {
                "name": "test_outputs.py::test_expected_checks_present",
                "status": "passed",
                "duration": 0.00016462989151477814,
                "start": 1784428995.1155865,
                "stop": 1784428995.1158116,
                "retries": 0,
                "file_path": "test_outputs.py"
            }
        ]
    }
}