{
    "results": {
        "tool": {
            "name": "pytest",
            "version": "8.4.1"
        },
        "summary": {
            "tests": 2,
            "passed": 2,
            "failed": 0,
            "skipped": 0,
            "pending": 0,
            "other": 0,
            "start": 1784318141.779271,
            "stop": 1784318141.7834733
        },
        "tests": [
            {
                "name": "test_outputs.py::test_all_checks_pass",
                "status": "passed",
                "duration": 0.00028278003446757793,
                "start": 1784318141.782705,
                "stop": 1784318141.783092,
                "retries": 0,
                "file_path": "test_outputs.py"
            },
            {
                "name": "test_outputs.py::test_expected_checks_present",
                "status": "passed",
                "duration": 0.0001724099274724722,
                "start": 1784318141.7831748,
                "stop": 1784318141.7834039,
                "retries": 0,
                "file_path": "test_outputs.py"
            }
        ]
    }
}