{
    "results": {
        "tool": {
            "name": "pytest",
            "version": "8.4.1"
        },
        "summary": {
            "tests": 2,
            "passed": 2,
            "failed": 0,
            "skipped": 0,
            "pending": 0,
            "other": 0,
            "start": 1784459376.7386532,
            "stop": 1784459376.7435427
        },
        "tests": [
            {
                "name": "test_outputs.py::test_all_checks_pass",
                "status": "passed",
                "duration": 0.0002522498834878206,
                "start": 1784459376.742786,
                "stop": 1784459376.7431526,
                "retries": 0,
                "file_path": "test_outputs.py"
            },
            {
                "name": "test_outputs.py::test_expected_checks_present",
                "status": "passed",
                "duration": 0.00016871001571416855,
                "start": 1784459376.7432432,
                "stop": 1784459376.743472,
                "retries": 0,
                "file_path": "test_outputs.py"
            }
        ]
    }
}