{
    "results": {
        "tool": {
            "name": "pytest",
            "version": "8.4.1"
        },
        "summary": {
            "tests": 2,
            "passed": 2,
            "failed": 0,
            "skipped": 0,
            "pending": 0,
            "other": 0,
            "start": 1784319113.6688313,
            "stop": 1784319113.673919
        },
        "tests": [
            {
                "name": "test_outputs.py::test_all_checks_pass",
                "status": "passed",
                "duration": 0.0002632399555295706,
                "start": 1784319113.6731105,
                "stop": 1784319113.6734853,
                "retries": 0,
                "file_path": "test_outputs.py"
            },
            {
                "name": "test_outputs.py::test_expected_checks_present",
                "status": "passed",
                "duration": 0.00018920982256531715,
                "start": 1784319113.6735806,
                "stop": 1784319113.6738415,
                "retries": 0,
                "file_path": "test_outputs.py"
            }
        ]
    }
}