{
    "results": {
        "tool": {
            "name": "pytest",
            "version": "8.4.1"
        },
        "summary": {
            "tests": 2,
            "passed": 2,
            "failed": 0,
            "skipped": 0,
            "pending": 0,
            "other": 0,
            "start": 1784332058.3703098,
            "stop": 1784332058.3745532
        },
        "tests": [
            {
                "name": "test_outputs.py::test_all_checks_pass",
                "status": "passed",
                "duration": 0.00028763990849256516,
                "start": 1784332058.3737848,
                "stop": 1784332058.3741772,
                "retries": 0,
                "file_path": "test_outputs.py"
            },
            {
                "name": "test_outputs.py::test_expected_checks_present",
                "status": "passed",
                "duration": 0.00017092004418373108,
                "start": 1784332058.37426,
                "stop": 1784332058.3744857,
                "retries": 0,
                "file_path": "test_outputs.py"
            }
        ]
    }
}