{
  "results": {
    "tool": {
      "name": "pytest",
      "version": "8.4.1"
    },
    "summary": {
      "tests": 2,
      "passed": 2,
      "failed": 0,
      "skipped": 0,
      "pending": 0,
      "other": 0,
      "start": 1784500859.2278423,
      "stop": 1784500859.2320805
    },
    "tests": [
      {
        "name": "test_outputs.py::test_all_checks_pass",
        "status": "passed",
        "duration": 0.00023063085973262787,
        "start": 1784500859.2313583,
        "stop": 1784500859.231692,
        "retries": 0,
        "file_path": "test_outputs.py"
      },
      {
        "name": "test_outputs.py::test_expected_checks_present",
        "status": "passed",
        "duration": 0.00016966997645795345,
        "start": 1784500859.2317822,
        "stop": 1784500859.2320125,
        "retries": 0,
        "file_path": "test_outputs.py"
      }
    ]
  }
}
