{
    "results": {
        "tool": {
            "name": "pytest",
            "version": "8.4.1"
        },
        "summary": {
            "tests": 2,
            "passed": 2,
            "failed": 0,
            "skipped": 0,
            "pending": 0,
            "other": 0,
            "start": 1784332974.073499,
            "stop": 1784332974.07868
        },
        "tests": [
            {
                "name": "test_outputs.py::test_all_checks_pass",
                "status": "passed",
                "duration": 0.0002574899699538946,
                "start": 1784332974.0778883,
                "stop": 1784332974.078256,
                "retries": 0,
                "file_path": "test_outputs.py"
            },
            {
                "name": "test_outputs.py::test_expected_checks_present",
                "status": "passed",
                "duration": 0.00018397998064756393,
                "start": 1784332974.0783513,
                "stop": 1784332974.0786042,
                "retries": 0,
                "file_path": "test_outputs.py"
            }
        ]
    }
}