{
  "results": {
    "tool": {
      "name": "pytest",
      "version": "8.4.1"
    },
    "summary": {
      "tests": 2,
      "passed": 2,
      "failed": 0,
      "skipped": 0,
      "pending": 0,
      "other": 0,
      "start": 1784311127.3568194,
      "stop": 1784311127.3618212
    },
    "tests": [
      {
        "name": "test_outputs.py::test_all_checks_pass",
        "status": "passed",
        "duration": 0.00026956014335155487,
        "start": 1784311127.3610368,
        "stop": 1784311127.3614323,
        "retries": 0,
        "file_path": "test_outputs.py"
      },
      {
        "name": "test_outputs.py::test_expected_checks_present",
        "status": "passed",
        "duration": 0.00016351998783648014,
        "start": 1784311127.3615217,
        "stop": 1784311127.3617458,
        "retries": 0,
        "file_path": "test_outputs.py"
      }
    ]
  }
}
