{
    "results": {
        "tool": {
            "name": "pytest",
            "version": "8.4.1"
        },
        "summary": {
            "tests": 2,
            "passed": 2,
            "failed": 0,
            "skipped": 0,
            "pending": 0,
            "other": 0,
            "start": 1784485633.1762404,
            "stop": 1784485633.1813426
        },
        "tests": [
            {
                "name": "test_outputs.py::test_all_checks_pass",
                "status": "passed",
                "duration": 0.00026370096020400524,
                "start": 1784485633.1805463,
                "stop": 1784485633.1809206,
                "retries": 0,
                "file_path": "test_outputs.py"
            },
            {
                "name": "test_outputs.py::test_expected_checks_present",
                "status": "passed",
                "duration": 0.00018251012079417706,
                "start": 1784485633.1810143,
                "stop": 1784485633.181266,
                "retries": 0,
                "file_path": "test_outputs.py"
            }
        ]
    }
}