{
    "results": {
        "tool": {
            "name": "pytest",
            "version": "8.4.1"
        },
        "summary": {
            "tests": 2,
            "passed": 2,
            "failed": 0,
            "skipped": 0,
            "pending": 0,
            "other": 0,
            "start": 1784323739.158662,
            "stop": 1784323739.1630065
        },
        "tests": [
            {
                "name": "test_outputs.py::test_all_checks_pass",
                "status": "passed",
                "duration": 0.00022072996944189072,
                "start": 1784323739.1623101,
                "stop": 1784323739.162632,
                "retries": 0,
                "file_path": "test_outputs.py"
            },
            {
                "name": "test_outputs.py::test_expected_checks_present",
                "status": "passed",
                "duration": 0.0001636201050132513,
                "start": 1784323739.1627197,
                "stop": 1784323739.1629415,
                "retries": 0,
                "file_path": "test_outputs.py"
            }
        ]
    }
}