{
    "results": {
        "tool": {
            "name": "pytest",
            "version": "8.4.1"
        },
        "summary": {
            "tests": 2,
            "passed": 2,
            "failed": 0,
            "skipped": 0,
            "pending": 0,
            "other": 0,
            "start": 1784335513.6602705,
            "stop": 1784335513.6648686
        },
        "tests": [
            {
                "name": "test_outputs.py::test_all_checks_pass",
                "status": "passed",
                "duration": 0.00022551999427378178,
                "start": 1784335513.664154,
                "stop": 1784335513.6644795,
                "retries": 0,
                "file_path": "test_outputs.py"
            },
            {
                "name": "test_outputs.py::test_expected_checks_present",
                "status": "passed",
                "duration": 0.00016708998009562492,
                "start": 1784335513.6645677,
                "stop": 1784335513.6648004,
                "retries": 0,
                "file_path": "test_outputs.py"
            }
        ]
    }
}