{
    "results": {
        "tool": {
            "name": "pytest",
            "version": "8.4.1"
        },
        "summary": {
            "tests": 2,
            "passed": 2,
            "failed": 0,
            "skipped": 0,
            "pending": 0,
            "other": 0,
            "start": 1784335735.9654012,
            "stop": 1784335735.9699752
        },
        "tests": [
            {
                "name": "test_outputs.py::test_all_checks_pass",
                "status": "passed",
                "duration": 0.0002267099916934967,
                "start": 1784335735.9692662,
                "stop": 1784335735.9695947,
                "retries": 0,
                "file_path": "test_outputs.py"
            },
            {
                "name": "test_outputs.py::test_expected_checks_present",
                "status": "passed",
                "duration": 0.00016397982835769653,
                "start": 1784335735.9696832,
                "stop": 1784335735.9699063,
                "retries": 0,
                "file_path": "test_outputs.py"
            }
        ]
    }
}