{
    "results": {
        "tool": {
            "name": "pytest",
            "version": "8.4.1"
        },
        "summary": {
            "tests": 2,
            "passed": 2,
            "failed": 0,
            "skipped": 0,
            "pending": 0,
            "other": 0,
            "start": 1784316788.8118584,
            "stop": 1784316788.8164103
        },
        "tests": [
            {
                "name": "test_outputs.py::test_all_checks_pass",
                "status": "passed",
                "duration": 0.00022546970285475254,
                "start": 1784316788.8157036,
                "stop": 1784316788.8160315,
                "retries": 0,
                "file_path": "test_outputs.py"
            },
            {
                "name": "test_outputs.py::test_expected_checks_present",
                "status": "passed",
                "duration": 0.00016434094868600368,
                "start": 1784316788.8161206,
                "stop": 1784316788.8163443,
                "retries": 0,
                "file_path": "test_outputs.py"
            }
        ]
    }
}