{
    "results": {
        "tool": {
            "name": "pytest",
            "version": "8.4.1"
        },
        "summary": {
            "tests": 2,
            "passed": 2,
            "failed": 0,
            "skipped": 0,
            "pending": 0,
            "other": 0,
            "start": 1784415808.5763166,
            "stop": 1784415808.5824976
        },
        "tests": [
            {
                "name": "test_outputs.py::test_all_shapes_correct",
                "status": "passed",
                "duration": 0.00028198002837598324,
                "start": 1784415808.5816555,
                "stop": 1784415808.582056,
                "retries": 0,
                "file_path": "test_outputs.py"
            },
            {
                "name": "test_outputs.py::test_aggregate_speedup",
                "status": "passed",
                "duration": 0.0001980401575565338,
                "start": 1784415808.582152,
                "stop": 1784415808.5824208,
                "retries": 0,
                "file_path": "test_outputs.py"
            }
        ]
    }
}