{
    "results": {
        "tool": {
            "name": "pytest",
            "version": "8.4.1"
        },
        "summary": {
            "tests": 2,
            "passed": 2,
            "failed": 0,
            "skipped": 0,
            "pending": 0,
            "other": 0,
            "start": 1784327372.578155,
            "stop": 1784327372.5831993
        },
        "tests": [
            {
                "name": "test_outputs.py::test_all_checks_pass",
                "status": "passed",
                "duration": 0.00025004963390529156,
                "start": 1784327372.5824182,
                "stop": 1784327372.5827775,
                "retries": 0,
                "file_path": "test_outputs.py"
            },
            {
                "name": "test_outputs.py::test_expected_checks_present",
                "status": "passed",
                "duration": 0.00018034991808235645,
                "start": 1784327372.5828712,
                "stop": 1784327372.5831223,
                "retries": 0,
                "file_path": "test_outputs.py"
            }
        ]
    }
}