{
    "results": {
        "tool": {
            "name": "pytest",
            "version": "8.4.1"
        },
        "summary": {
            "tests": 2,
            "passed": 2,
            "failed": 0,
            "skipped": 0,
            "pending": 0,
            "other": 0,
            "start": 1784336197.4417884,
            "stop": 1784336197.4462352
        },
        "tests": [
            {
                "name": "test_outputs.py::test_all_checks_pass",
                "status": "passed",
                "duration": 0.00022816099226474762,
                "start": 1784336197.4455266,
                "stop": 1784336197.4458594,
                "retries": 0,
                "file_path": "test_outputs.py"
            },
            {
                "name": "test_outputs.py::test_expected_checks_present",
                "status": "passed",
                "duration": 0.00016208994202315807,
                "start": 1784336197.4459498,
                "stop": 1784336197.4461694,
                "retries": 0,
                "file_path": "test_outputs.py"
            }
        ]
    }
}