{
    "results": {
        "tool": {
            "name": "pytest",
            "version": "8.4.1"
        },
        "summary": {
            "tests": 2,
            "passed": 2,
            "failed": 0,
            "skipped": 0,
            "pending": 0,
            "other": 0,
            "start": 1784442239.6904862,
            "stop": 1784442239.6947937
        },
        "tests": [
            {
                "name": "test_outputs.py::test_all_checks_pass",
                "status": "passed",
                "duration": 0.0002214210107922554,
                "start": 1784442239.6941006,
                "stop": 1784442239.6944182,
                "retries": 0,
                "file_path": "test_outputs.py"
            },
            {
                "name": "test_outputs.py::test_expected_checks_present",
                "status": "passed",
                "duration": 0.00016407016664743423,
                "start": 1784442239.6945064,
                "stop": 1784442239.6947272,
                "retries": 0,
                "file_path": "test_outputs.py"
            }
        ]
    }
}