{
    "results": {
        "tool": {
            "name": "pytest",
            "version": "8.4.1"
        },
        "summary": {
            "tests": 2,
            "passed": 2,
            "failed": 0,
            "skipped": 0,
            "pending": 0,
            "other": 0,
            "start": 1784330927.8236573,
            "stop": 1784330927.8279455
        },
        "tests": [
            {
                "name": "test_outputs.py::test_all_checks_pass",
                "status": "passed",
                "duration": 0.00022011017426848412,
                "start": 1784330927.8272524,
                "stop": 1784330927.8275735,
                "retries": 0,
                "file_path": "test_outputs.py"
            },
            {
                "name": "test_outputs.py::test_expected_checks_present",
                "status": "passed",
                "duration": 0.0001628398895263672,
                "start": 1784330927.8276603,
                "stop": 1784330927.8278797,
                "retries": 0,
                "file_path": "test_outputs.py"
            }
        ]
    }
}