{
    "results": {
        "tool": {
            "name": "pytest",
            "version": "8.4.1"
        },
        "summary": {
            "tests": 2,
            "passed": 2,
            "failed": 0,
            "skipped": 0,
            "pending": 0,
            "other": 0,
            "start": 1784337371.6960511,
            "stop": 1784337371.7002552
        },
        "tests": [
            {
                "name": "test_outputs.py::test_all_checks_pass",
                "status": "passed",
                "duration": 0.00028642010875046253,
                "start": 1784337371.699482,
                "stop": 1784337371.6998723,
                "retries": 0,
                "file_path": "test_outputs.py"
            },
            {
                "name": "test_outputs.py::test_expected_checks_present",
                "status": "passed",
                "duration": 0.00017372984439134598,
                "start": 1784337371.6999555,
                "stop": 1784337371.7001858,
                "retries": 0,
                "file_path": "test_outputs.py"
            }
        ]
    }
}