{
    "results": {
        "tool": {
            "name": "pytest",
            "version": "8.4.1"
        },
        "summary": {
            "tests": 2,
            "passed": 2,
            "failed": 0,
            "skipped": 0,
            "pending": 0,
            "other": 0,
            "start": 1784478361.155847,
            "stop": 1784478361.1603804
        },
        "tests": [
            {
                "name": "test_outputs.py::test_all_checks_pass",
                "status": "passed",
                "duration": 0.00022623036056756973,
                "start": 1784478361.1596746,
                "stop": 1784478361.1600034,
                "retries": 0,
                "file_path": "test_outputs.py"
            },
            {
                "name": "test_outputs.py::test_expected_checks_present",
                "status": "passed",
                "duration": 0.0001648899633437395,
                "start": 1784478361.1600912,
                "stop": 1784478361.1603146,
                "retries": 0,
                "file_path": "test_outputs.py"
            }
        ]
    }
}