{
    "results": {
        "tool": {
            "name": "pytest",
            "version": "8.4.1"
        },
        "summary": {
            "tests": 2,
            "passed": 2,
            "failed": 0,
            "skipped": 0,
            "pending": 0,
            "other": 0,
            "start": 1784306256.0444522,
            "stop": 1784306256.049962
        },
        "tests": [
            {
                "name": "test_outputs.py::test_all_checks_pass",
                "status": "passed",
                "duration": 0.00028389086946845055,
                "start": 1784306256.0491166,
                "stop": 1784306256.0495331,
                "retries": 0,
                "file_path": "test_outputs.py"
            },
            {
                "name": "test_outputs.py::test_expected_checks_present",
                "status": "passed",
                "duration": 0.00018601003102958202,
                "start": 1784306256.0496275,
                "stop": 1784306256.0498836,
                "retries": 0,
                "file_path": "test_outputs.py"
            }
        ]
    }
}