{
    "results": {
        "tool": {
            "name": "pytest",
            "version": "8.4.1"
        },
        "summary": {
            "tests": 2,
            "passed": 2,
            "failed": 0,
            "skipped": 0,
            "pending": 0,
            "other": 0,
            "start": 1784389649.133874,
            "stop": 1784389649.138153
        },
        "tests": [
            {
                "name": "test_outputs.py::test_all_checks_pass",
                "status": "passed",
                "duration": 0.00022406992502510548,
                "start": 1784389649.1374454,
                "stop": 1784389649.137772,
                "retries": 0,
                "file_path": "test_outputs.py"
            },
            {
                "name": "test_outputs.py::test_expected_checks_present",
                "status": "passed",
                "duration": 0.00016331998631358147,
                "start": 1784389649.1378615,
                "stop": 1784389649.1380844,
                "retries": 0,
                "file_path": "test_outputs.py"
            }
        ]
    }
}