{
    "results": {
        "tool": {
            "name": "pytest",
            "version": "8.4.1"
        },
        "summary": {
            "tests": 2,
            "passed": 2,
            "failed": 0,
            "skipped": 0,
            "pending": 0,
            "other": 0,
            "start": 1784304184.3906896,
            "stop": 1784304184.3949919
        },
        "tests": [
            {
                "name": "test_outputs.py::test_all_checks_pass",
                "status": "passed",
                "duration": 0.00023098010569810867,
                "start": 1784304184.3942714,
                "stop": 1784304184.3946047,
                "retries": 0,
                "file_path": "test_outputs.py"
            },
            {
                "name": "test_outputs.py::test_expected_checks_present",
                "status": "passed",
                "duration": 0.00017174007371068,
                "start": 1784304184.3946948,
                "stop": 1784304184.394926,
                "retries": 0,
                "file_path": "test_outputs.py"
            }
        ]
    }
}