{
    "results": {
        "tool": {
            "name": "pytest",
            "version": "8.4.1"
        },
        "summary": {
            "tests": 2,
            "passed": 2,
            "failed": 0,
            "skipped": 0,
            "pending": 0,
            "other": 0,
            "start": 1784329523.0284536,
            "stop": 1784329523.0328877
        },
        "tests": [
            {
                "name": "test_outputs.py::test_all_checks_pass",
                "status": "passed",
                "duration": 0.00022267969325184822,
                "start": 1784329523.0321662,
                "stop": 1784329523.0324898,
                "retries": 0,
                "file_path": "test_outputs.py"
            },
            {
                "name": "test_outputs.py::test_expected_checks_present",
                "status": "passed",
                "duration": 0.0001648510806262493,
                "start": 1784329523.0325792,
                "stop": 1784329523.03282,
                "retries": 0,
                "file_path": "test_outputs.py"
            }
        ]
    }
}