{
    "results": {
        "tool": {
            "name": "pytest",
            "version": "8.4.1"
        },
        "summary": {
            "tests": 2,
            "passed": 2,
            "failed": 0,
            "skipped": 0,
            "pending": 0,
            "other": 0,
            "start": 1784537471.7342546,
            "stop": 1784537471.738517
        },
        "tests": [
            {
                "name": "test_outputs.py::test_all_checks_pass",
                "status": "passed",
                "duration": 0.00022341986186802387,
                "start": 1784537471.737807,
                "stop": 1784537471.7381337,
                "retries": 0,
                "file_path": "test_outputs.py"
            },
            {
                "name": "test_outputs.py::test_expected_checks_present",
                "status": "passed",
                "duration": 0.00016550999134778976,
                "start": 1784537471.7382228,
                "stop": 1784537471.738449,
                "retries": 0,
                "file_path": "test_outputs.py"
            }
        ]
    }
}