{
    "results": {
        "tool": {
            "name": "pytest",
            "version": "8.4.1"
        },
        "summary": {
            "tests": 2,
            "passed": 2,
            "failed": 0,
            "skipped": 0,
            "pending": 0,
            "other": 0,
            "start": 1784662444.3835387,
            "stop": 1784662444.3886182
        },
        "tests": [
            {
                "name": "test_outputs.py::test_all_checks_pass",
                "status": "passed",
                "duration": 0.00024828966706991196,
                "start": 1784662444.387848,
                "stop": 1784662444.3882034,
                "retries": 0,
                "file_path": "test_outputs.py"
            },
            {
                "name": "test_outputs.py::test_expected_checks_present",
                "status": "passed",
                "duration": 0.00017971964552998543,
                "start": 1784662444.3882964,
                "stop": 1784662444.388543,
                "retries": 0,
                "file_path": "test_outputs.py"
            }
        ]
    }
}