{
    "results": {
        "tool": {
            "name": "pytest",
            "version": "8.4.1"
        },
        "summary": {
            "tests": 2,
            "passed": 2,
            "failed": 0,
            "skipped": 0,
            "pending": 0,
            "other": 0,
            "start": 1784415924.466367,
            "stop": 1784415924.4706547
        },
        "tests": [
            {
                "name": "test_outputs.py::test_all_checks_pass",
                "status": "passed",
                "duration": 0.0002283100038766861,
                "start": 1784415924.4699473,
                "stop": 1784415924.4702778,
                "retries": 0,
                "file_path": "test_outputs.py"
            },
            {
                "name": "test_outputs.py::test_expected_checks_present",
                "status": "passed",
                "duration": 0.00016412977129220963,
                "start": 1784415924.4703665,
                "stop": 1784415924.470589,
                "retries": 0,
                "file_path": "test_outputs.py"
            }
        ]
    }
}