{
    "results": {
        "tool": {
            "name": "pytest",
            "version": "8.4.1"
        },
        "summary": {
            "tests": 2,
            "passed": 2,
            "failed": 0,
            "skipped": 0,
            "pending": 0,
            "other": 0,
            "start": 1784305179.2397835,
            "stop": 1784305179.2448633
        },
        "tests": [
            {
                "name": "test_outputs.py::test_all_checks_pass",
                "status": "passed",
                "duration": 0.00025365990586578846,
                "start": 1784305179.244063,
                "stop": 1784305179.2444243,
                "retries": 0,
                "file_path": "test_outputs.py"
            },
            {
                "name": "test_outputs.py::test_expected_checks_present",
                "status": "passed",
                "duration": 0.0001957498025149107,
                "start": 1784305179.2445195,
                "stop": 1784305179.2447844,
                "retries": 0,
                "file_path": "test_outputs.py"
            }
        ]
    }
}