{
    "results": {
        "tool": {
            "name": "pytest",
            "version": "8.4.1"
        },
        "summary": {
            "tests": 2,
            "passed": 2,
            "failed": 0,
            "skipped": 0,
            "pending": 0,
            "other": 0,
            "start": 1784347511.1548204,
            "stop": 1784347511.1593173
        },
        "tests": [
            {
                "name": "test_outputs.py::test_all_checks_pass",
                "status": "passed",
                "duration": 0.0002471008338034153,
                "start": 1784347511.1585681,
                "stop": 1784347511.1589258,
                "retries": 0,
                "file_path": "test_outputs.py"
            },
            {
                "name": "test_outputs.py::test_expected_checks_present",
                "status": "passed",
                "duration": 0.000165869714692235,
                "start": 1784347511.1590173,
                "stop": 1784347511.1592445,
                "retries": 0,
                "file_path": "test_outputs.py"
            }
        ]
    }
}