{
    "results": {
        "tool": {
            "name": "pytest",
            "version": "8.4.1"
        },
        "summary": {
            "tests": 2,
            "passed": 2,
            "failed": 0,
            "skipped": 0,
            "pending": 0,
            "other": 0,
            "start": 1784660008.4956234,
            "stop": 1784660008.4999123
        },
        "tests": [
            {
                "name": "test_outputs.py::test_all_numeric_checks_pass",
                "status": "passed",
                "duration": 0.00022218097001314163,
                "start": 1784660008.4992018,
                "stop": 1784660008.499528,
                "retries": 0,
                "file_path": "test_outputs.py"
            },
            {
                "name": "test_outputs.py::test_expected_checks_present",
                "status": "passed",
                "duration": 0.0001646098680794239,
                "start": 1784660008.4996197,
                "stop": 1784660008.4998443,
                "retries": 0,
                "file_path": "test_outputs.py"
            }
        ]
    }
}