{
    "results": {
        "tool": {
            "name": "pytest",
            "version": "8.4.1"
        },
        "summary": {
            "tests": 2,
            "passed": 2,
            "failed": 0,
            "skipped": 0,
            "pending": 0,
            "other": 0,
            "start": 1784660777.4705641,
            "stop": 1784660777.4748306
        },
        "tests": [
            {
                "name": "test_outputs.py::test_all_checks_pass",
                "status": "passed",
                "duration": 0.00022616004571318626,
                "start": 1784660777.4741213,
                "stop": 1784660777.4744484,
                "retries": 0,
                "file_path": "test_outputs.py"
            },
            {
                "name": "test_outputs.py::test_expected_checks_present",
                "status": "passed",
                "duration": 0.000164790078997612,
                "start": 1784660777.4745376,
                "stop": 1784660777.474763,
                "retries": 0,
                "file_path": "test_outputs.py"
            }
        ]
    }
}