{
    "results": {
        "tool": {
            "name": "pytest",
            "version": "8.4.1"
        },
        "summary": {
            "tests": 2,
            "passed": 2,
            "failed": 0,
            "skipped": 0,
            "pending": 0,
            "other": 0,
            "start": 1784484278.400794,
            "stop": 1784484278.4059517
        },
        "tests": [
            {
                "name": "test_outputs.py::test_all_checks_pass",
                "status": "passed",
                "duration": 0.0002573900856077671,
                "start": 1784484278.4051552,
                "stop": 1784484278.4055276,
                "retries": 0,
                "file_path": "test_outputs.py"
            },
            {
                "name": "test_outputs.py::test_expected_checks_present",
                "status": "passed",
                "duration": 0.0001840598415583372,
                "start": 1784484278.4056232,
                "stop": 1784484278.4058752,
                "retries": 0,
                "file_path": "test_outputs.py"
            }
        ]
    }
}