{
    "results": {
        "tool": {
            "name": "pytest",
            "version": "8.4.1"
        },
        "summary": {
            "tests": 2,
            "passed": 2,
            "failed": 0,
            "skipped": 0,
            "pending": 0,
            "other": 0,
            "start": 1784480916.6056433,
            "stop": 1784480916.610196
        },
        "tests": [
            {
                "name": "test_outputs.py::test_all_checks_pass",
                "status": "passed",
                "duration": 0.00022404012270271778,
                "start": 1784480916.6094942,
                "stop": 1784480916.6098177,
                "retries": 0,
                "file_path": "test_outputs.py"
            },
            {
                "name": "test_outputs.py::test_expected_checks_present",
                "status": "passed",
                "duration": 0.00016344012692570686,
                "start": 1784480916.6099057,
                "stop": 1784480916.6101286,
                "retries": 0,
                "file_path": "test_outputs.py"
            }
        ]
    }
}