{
    "results": {
        "tool": {
            "name": "pytest",
            "version": "8.4.1"
        },
        "summary": {
            "tests": 2,
            "passed": 2,
            "failed": 0,
            "skipped": 0,
            "pending": 0,
            "other": 0,
            "start": 1784306302.2760081,
            "stop": 1784306302.280326
        },
        "tests": [
            {
                "name": "test_outputs.py::test_all_checks_pass",
                "status": "passed",
                "duration": 0.0002931598573923111,
                "start": 1784306302.2795422,
                "stop": 1784306302.279945,
                "retries": 0,
                "file_path": "test_outputs.py"
            },
            {
                "name": "test_outputs.py::test_expected_checks_present",
                "status": "passed",
                "duration": 0.00017287000082433224,
                "start": 1784306302.2800267,
                "stop": 1784306302.2802575,
                "retries": 0,
                "file_path": "test_outputs.py"
            }
        ]
    }
}