{
    "results": {
        "tool": {
            "name": "pytest",
            "version": "8.4.1"
        },
        "summary": {
            "tests": 2,
            "passed": 2,
            "failed": 0,
            "skipped": 0,
            "pending": 0,
            "other": 0,
            "start": 1784416503.9035573,
            "stop": 1784416503.9077919
        },
        "tests": [
            {
                "name": "test_outputs.py::test_all_checks_pass",
                "status": "passed",
                "duration": 0.0002321100328117609,
                "start": 1784416503.9070683,
                "stop": 1784416503.9074016,
                "retries": 0,
                "file_path": "test_outputs.py"
            },
            {
                "name": "test_outputs.py::test_expected_checks_present",
                "status": "passed",
                "duration": 0.00017508002929389477,
                "start": 1784416503.907491,
                "stop": 1784416503.907725,
                "retries": 0,
                "file_path": "test_outputs.py"
            }
        ]
    }
}