{
    "results": {
        "tool": {
            "name": "pytest",
            "version": "8.4.1"
        },
        "summary": {
            "tests": 2,
            "passed": 2,
            "failed": 0,
            "skipped": 0,
            "pending": 0,
            "other": 0,
            "start": 1784304436.099994,
            "stop": 1784304436.104251
        },
        "tests": [
            {
                "name": "test_outputs.py::test_all_checks_pass",
                "status": "passed",
                "duration": 0.00022863992489874363,
                "start": 1784304436.1035323,
                "stop": 1784304436.103863,
                "retries": 0,
                "file_path": "test_outputs.py"
            },
            {
                "name": "test_outputs.py::test_expected_checks_present",
                "status": "passed",
                "duration": 0.00016946997493505478,
                "start": 1784304436.1039526,
                "stop": 1784304436.104183,
                "retries": 0,
                "file_path": "test_outputs.py"
            }
        ]
    }
}