{
    "results": {
        "tool": {
            "name": "pytest",
            "version": "8.4.1"
        },
        "summary": {
            "tests": 2,
            "passed": 2,
            "failed": 0,
            "skipped": 0,
            "pending": 0,
            "other": 0,
            "start": 1784317875.388554,
            "stop": 1784317875.3929908
        },
        "tests": [
            {
                "name": "test_outputs.py::test_all_checks_pass",
                "status": "passed",
                "duration": 0.00026401993818581104,
                "start": 1784317875.3921697,
                "stop": 1784317875.3925402,
                "retries": 0,
                "file_path": "test_outputs.py"
            },
            {
                "name": "test_outputs.py::test_expected_checks_present",
                "status": "passed",
                "duration": 0.0002200496383011341,
                "start": 1784317875.3926353,
                "stop": 1784317875.3929198,
                "retries": 0,
                "file_path": "test_outputs.py"
            }
        ]
    }
}