{
    "results": {
        "tool": {
            "name": "pytest",
            "version": "8.4.1"
        },
        "summary": {
            "tests": 2,
            "passed": 2,
            "failed": 0,
            "skipped": 0,
            "pending": 0,
            "other": 0,
            "start": 1784415632.8854668,
            "stop": 1784415632.889906
        },
        "tests": [
            {
                "name": "test_outputs.py::test_all_checks_pass",
                "status": "passed",
                "duration": 0.00022360100410878658,
                "start": 1784415632.8892026,
                "stop": 1784415632.8895283,
                "retries": 0,
                "file_path": "test_outputs.py"
            },
            {
                "name": "test_outputs.py::test_expected_checks_present",
                "status": "passed",
                "duration": 0.00016197003424167633,
                "start": 1784415632.8896165,
                "stop": 1784415632.889838,
                "retries": 0,
                "file_path": "test_outputs.py"
            }
        ]
    }
}