{
    "results": {
        "tool": {
            "name": "pytest",
            "version": "8.4.1"
        },
        "summary": {
            "tests": 2,
            "passed": 2,
            "failed": 0,
            "skipped": 0,
            "pending": 0,
            "other": 0,
            "start": 1784323453.3913462,
            "stop": 1784323453.3957412
        },
        "tests": [
            {
                "name": "test_outputs.py::test_all_checks_pass",
                "status": "passed",
                "duration": 0.0002394497860223055,
                "start": 1784323453.394997,
                "stop": 1784323453.3953412,
                "retries": 0,
                "file_path": "test_outputs.py"
            },
            {
                "name": "test_outputs.py::test_expected_checks_present",
                "status": "passed",
                "duration": 0.00017907004803419113,
                "start": 1784323453.3954322,
                "stop": 1784323453.395672,
                "retries": 0,
                "file_path": "test_outputs.py"
            }
        ]
    }
}