{
  "shape": {
    "M": 8192,
    "N": 8192,
    "K": 8192
  },
  "warmup": 3,
  "repeats": 10,
  "original": {
    "source": "/tests/original_04-preshuffle_gemm.py",
    "accuracy": {
      "correct": true,
      "max_abs": 0.25,
      "max_violation": -0.0007156144129112363
    },
    "perf": {
      "median_ms": 1.6077970266342163,
      "times_ms": [
        1.7269010543823242,
        1.6822589635849,
        1.6610180139541626,
        1.5975760221481323,
        1.6106170415878296,
        1.604977011680603,
        1.5338540077209473,
        1.6146160364151,
        1.5794949531555176,
        1.5207329988479614
      ]
    }
  },
  "candidate": {
    "source": "/app/04-preshuffle_gemm.py",
    "accuracy": {
      "correct": true,
      "max_abs": 0.0,
      "max_violation": -0.0010000037727877498
    },
    "perf": {
      "median_ms": 1.3266675472259521,
      "times_ms": [
        1.5114929676055908,
        1.3707289695739746,
        1.390449047088623,
        1.3459279537200928,
        1.3344080448150635,
        1.3189270496368408,
        1.2687649726867676,
        1.2992459535598755,
        1.3009660243988037,
        1.2433240413665771
      ]
    }
  },
  "candidate_vs_original_max_abs": 0.25,
  "candidate_isa_dir": "/tmp/flydsl_candidate_isa"
}