{
    "results": {
        "tool": {
            "name": "pytest",
            "version": "8.4.1"
        },
        "summary": {
            "tests": 2,
            "passed": 2,
            "failed": 0,
            "skipped": 0,
            "pending": 0,
            "other": 0,
            "start": 1784317625.2464197,
            "stop": 1784317625.2507577
        },
        "tests": [
            {
                "name": "test_outputs.py::test_all_checks_pass",
                "status": "passed",
                "duration": 0.00022885994985699654,
                "start": 1784317625.2500455,
                "stop": 1784317625.2503788,
                "retries": 0,
                "file_path": "test_outputs.py"
            },
            {
                "name": "test_outputs.py::test_expected_checks_present",
                "status": "passed",
                "duration": 0.00016319984570145607,
                "start": 1784317625.250468,
                "stop": 1784317625.25069,
                "retries": 0,
                "file_path": "test_outputs.py"
            }
        ]
    }
}