{
    "results": {
        "tool": {
            "name": "pytest",
            "version": "8.4.1"
        },
        "summary": {
            "tests": 2,
            "passed": 2,
            "failed": 0,
            "skipped": 0,
            "pending": 0,
            "other": 0,
            "start": 1784479875.5015576,
            "stop": 1784479875.5058985
        },
        "tests": [
            {
                "name": "test_outputs.py::test_all_checks_pass",
                "status": "passed",
                "duration": 0.00022982992231845856,
                "start": 1784479875.505171,
                "stop": 1784479875.5055044,
                "retries": 0,
                "file_path": "test_outputs.py"
            },
            {
                "name": "test_outputs.py::test_expected_checks_present",
                "status": "passed",
                "duration": 0.0001730599906295538,
                "start": 1784479875.5055954,
                "stop": 1784479875.5058298,
                "retries": 0,
                "file_path": "test_outputs.py"
            }
        ]
    }
}