{
  "shape": {
    "M": 8192,
    "N": 8192,
    "K": 8192
  },
  "warmup": 3,
  "repeats": 10,
  "original": {
    "source": "/tests/original_04-preshuffle_gemm.py",
    "accuracy": {
      "correct": true,
      "max_abs": 0.25,
      "max_violation": -0.0007156144129112363
    },
    "perf": {
      "median_ms": 1.599995493888855,
      "times_ms": [
        1.7124589681625366,
        1.6754980087280273,
        1.6631380319595337,
        1.5970959663391113,
        1.6398969888687134,
        1.6015360355377197,
        1.5244929790496826,
        1.5984549522399902,
        1.5419329404830933,
        1.5640150308609009
      ]
    }
  },
  "candidate": {
    "source": "/app/04-preshuffle_gemm.py",
    "accuracy": {
      "correct": true,
      "max_abs": 0.0,
      "max_violation": -0.0010000037727877498
    },
    "perf": {
      "median_ms": 1.3316065073013306,
      "times_ms": [
        1.5812549591064453,
        1.3578870296478271,
        1.3780479431152344,
        1.3378469944000244,
        1.3433270454406738,
        1.3187659978866577,
        1.269644021987915,
        1.3253660202026367,
        1.2872049808502197,
        1.2420439720153809
      ]
    }
  },
  "candidate_vs_original_max_abs": 0.25,
  "candidate_isa_dir": "/tmp/flydsl_candidate_isa"
}