{
    "results": {
        "tool": {
            "name": "pytest",
            "version": "8.4.1"
        },
        "summary": {
            "tests": 2,
            "passed": 2,
            "failed": 0,
            "skipped": 0,
            "pending": 0,
            "other": 0,
            "start": 1784399035.612354,
            "stop": 1784399035.6166239
        },
        "tests": [
            {
                "name": "test_outputs.py::test_all_checks_pass",
                "status": "passed",
                "duration": 0.00023440970107913017,
                "start": 1784399035.615893,
                "stop": 1784399035.616231,
                "retries": 0,
                "file_path": "test_outputs.py"
            },
            {
                "name": "test_outputs.py::test_expected_checks_present",
                "status": "passed",
                "duration": 0.00017235008999705315,
                "start": 1784399035.616321,
                "stop": 1784399035.6165552,
                "retries": 0,
                "file_path": "test_outputs.py"
            }
        ]
    }
}