{
    "results": {
        "tool": {
            "name": "pytest",
            "version": "8.4.1"
        },
        "summary": {
            "tests": 2,
            "passed": 2,
            "failed": 0,
            "skipped": 0,
            "pending": 0,
            "other": 0,
            "start": 1784390299.306066,
            "stop": 1784390299.3112018
        },
        "tests": [
            {
                "name": "test_outputs.py::test_all_checks_pass",
                "status": "passed",
                "duration": 0.0002558799460530281,
                "start": 1784390299.3104103,
                "stop": 1784390299.3107772,
                "retries": 0,
                "file_path": "test_outputs.py"
            },
            {
                "name": "test_outputs.py::test_expected_checks_present",
                "status": "passed",
                "duration": 0.00018295994959771633,
                "start": 1784390299.3108704,
                "stop": 1784390299.3111231,
                "retries": 0,
                "file_path": "test_outputs.py"
            }
        ]
    }
}