{
    "results": {
        "tool": {
            "name": "pytest",
            "version": "8.4.1"
        },
        "summary": {
            "tests": 2,
            "passed": 2,
            "failed": 0,
            "skipped": 0,
            "pending": 0,
            "other": 0,
            "start": 1784443266.675774,
            "stop": 1784443266.679998
        },
        "tests": [
            {
                "name": "test_outputs.py::test_all_checks_pass",
                "status": "passed",
                "duration": 0.00023142993450164795,
                "start": 1784443266.679283,
                "stop": 1784443266.679615,
                "retries": 0,
                "file_path": "test_outputs.py"
            },
            {
                "name": "test_outputs.py::test_expected_checks_present",
                "status": "passed",
                "duration": 0.00016830000095069408,
                "start": 1784443266.6797032,
                "stop": 1784443266.679931,
                "retries": 0,
                "file_path": "test_outputs.py"
            }
        ]
    }
}