{
    "results": {
        "tool": {
            "name": "pytest",
            "version": "8.4.1"
        },
        "summary": {
            "tests": 2,
            "passed": 2,
            "failed": 0,
            "skipped": 0,
            "pending": 0,
            "other": 0,
            "start": 1784462866.737571,
            "stop": 1784462866.7418954
        },
        "tests": [
            {
                "name": "test_outputs.py::test_all_checks_pass",
                "status": "passed",
                "duration": 0.0002330997958779335,
                "start": 1784462866.7411695,
                "stop": 1784462866.7415068,
                "retries": 0,
                "file_path": "test_outputs.py"
            },
            {
                "name": "test_outputs.py::test_expected_checks_present",
                "status": "passed",
                "duration": 0.0001692997757345438,
                "start": 1784462866.7415977,
                "stop": 1784462866.7418265,
                "retries": 0,
                "file_path": "test_outputs.py"
            }
        ]
    }
}