{
    "results": {
        "tool": {
            "name": "pytest",
            "version": "8.4.1"
        },
        "summary": {
            "tests": 2,
            "passed": 2,
            "failed": 0,
            "skipped": 0,
            "pending": 0,
            "other": 0,
            "start": 1784662339.47548,
            "stop": 1784662339.4805384
        },
        "tests": [
            {
                "name": "test_outputs.py::test_all_checks_pass",
                "status": "passed",
                "duration": 0.00025572022423148155,
                "start": 1784662339.4797428,
                "stop": 1784662339.4801102,
                "retries": 0,
                "file_path": "test_outputs.py"
            },
            {
                "name": "test_outputs.py::test_expected_checks_present",
                "status": "passed",
                "duration": 0.00018444983288645744,
                "start": 1784662339.480205,
                "stop": 1784662339.4804616,
                "retries": 0,
                "file_path": "test_outputs.py"
            }
        ]
    }
}