{
    "results": {
        "tool": {
            "name": "pytest",
            "version": "8.4.1"
        },
        "summary": {
            "tests": 2,
            "passed": 2,
            "failed": 0,
            "skipped": 0,
            "pending": 0,
            "other": 0,
            "start": 1784406841.0807905,
            "stop": 1784406841.0850604
        },
        "tests": [
            {
                "name": "test_outputs.py::test_all_numeric_checks_pass",
                "status": "passed",
                "duration": 0.00022460008040070534,
                "start": 1784406841.0843472,
                "stop": 1784406841.0846744,
                "retries": 0,
                "file_path": "test_outputs.py"
            },
            {
                "name": "test_outputs.py::test_expected_checks_present",
                "status": "passed",
                "duration": 0.00016343966126441956,
                "start": 1784406841.0847683,
                "stop": 1784406841.0849931,
                "retries": 0,
                "file_path": "test_outputs.py"
            }
        ]
    }
}