{
    "results": {
        "tool": {
            "name": "pytest",
            "version": "8.4.1"
        },
        "summary": {
            "tests": 2,
            "passed": 2,
            "failed": 0,
            "skipped": 0,
            "pending": 0,
            "other": 0,
            "start": 1784532836.2412767,
            "stop": 1784532836.2458606
        },
        "tests": [
            {
                "name": "test_outputs.py::test_all_checks_pass",
                "status": "passed",
                "duration": 0.00025177001953125,
                "start": 1784532836.2450988,
                "stop": 1784532836.2454643,
                "retries": 0,
                "file_path": "test_outputs.py"
            },
            {
                "name": "test_outputs.py::test_expected_checks_present",
                "status": "passed",
                "duration": 0.0001729100476950407,
                "start": 1784532836.245555,
                "stop": 1784532836.2457886,
                "retries": 0,
                "file_path": "test_outputs.py"
            }
        ]
    }
}