{
  "shape": {
    "M": 8192,
    "N": 8192,
    "K": 8192
  },
  "warmup": 3,
  "repeats": 10,
  "original": {
    "source": "/tests/original_04-preshuffle_gemm.py",
    "accuracy": {
      "correct": true,
      "max_abs": 0.25,
      "max_violation": -0.0007156144129112363
    },
    "perf": {
      "median_ms": 1.6195369958877563,
      "times_ms": [
        1.741461992263794,
        1.7006200551986694,
        1.654737949371338,
        1.627297043800354,
        1.627737045288086,
        1.5960160493850708,
        1.6008169651031494,
        1.6117769479751587,
        1.5549750328063965,
        1.610537052154541
      ]
    }
  },
  "candidate": {
    "source": "/app/04-preshuffle_gemm.py",
    "accuracy": {
      "correct": true,
      "max_abs": 0.0,
      "max_violation": -0.0010000037727877498
    },
    "perf": {
      "median_ms": 1.3417279720306396,
      "times_ms": [
        1.5450949668884277,
        1.3978899717330933,
        1.4027700424194336,
        1.3572880029678345,
        1.3368879556655884,
        1.346567988395691,
        1.291085958480835,
        1.314566969871521,
        1.3087270259857178,
        1.261044979095459
      ]
    }
  },
  "candidate_vs_original_max_abs": 0.25,
  "candidate_isa_dir": "/tmp/flydsl_candidate_isa"
}