{
    "results": {
        "tool": {
            "name": "pytest",
            "version": "8.4.1"
        },
        "summary": {
            "tests": 2,
            "passed": 2,
            "failed": 0,
            "skipped": 0,
            "pending": 0,
            "other": 0,
            "start": 1784458523.9469073,
            "stop": 1784458523.9514604
        },
        "tests": [
            {
                "name": "test_outputs.py::test_all_checks_pass",
                "status": "passed",
                "duration": 0.00022764084860682487,
                "start": 1784458523.9507442,
                "stop": 1784458523.9510748,
                "retries": 0,
                "file_path": "test_outputs.py"
            },
            {
                "name": "test_outputs.py::test_expected_checks_present",
                "status": "passed",
                "duration": 0.00016756984405219555,
                "start": 1784458523.9511652,
                "stop": 1784458523.9513931,
                "retries": 0,
                "file_path": "test_outputs.py"
            }
        ]
    }
}