{
    "results": {
        "tool": {
            "name": "pytest",
            "version": "8.4.1"
        },
        "summary": {
            "tests": 2,
            "passed": 2,
            "failed": 0,
            "skipped": 0,
            "pending": 0,
            "other": 0,
            "start": 1784483870.1415722,
            "stop": 1784483870.1459727
        },
        "tests": [
            {
                "name": "test_outputs.py::test_all_checks_pass",
                "status": "passed",
                "duration": 0.00026397034525871277,
                "start": 1784483870.14516,
                "stop": 1784483870.1455338,
                "retries": 0,
                "file_path": "test_outputs.py"
            },
            {
                "name": "test_outputs.py::test_expected_checks_present",
                "status": "passed",
                "duration": 0.00020784116350114346,
                "start": 1784483870.1456277,
                "stop": 1784483870.1458998,
                "retries": 0,
                "file_path": "test_outputs.py"
            }
        ]
    }
}