{
    "results": {
        "tool": {
            "name": "pytest",
            "version": "8.4.1"
        },
        "summary": {
            "tests": 2,
            "passed": 2,
            "failed": 0,
            "skipped": 0,
            "pending": 0,
            "other": 0,
            "start": 1784428924.5807571,
            "stop": 1784428924.5853908
        },
        "tests": [
            {
                "name": "test_outputs.py::test_all_checks_pass",
                "status": "passed",
                "duration": 0.00023549003526568413,
                "start": 1784428924.584667,
                "stop": 1784428924.5850043,
                "retries": 0,
                "file_path": "test_outputs.py"
            },
            {
                "name": "test_outputs.py::test_expected_checks_present",
                "status": "passed",
                "duration": 0.00016711000353097916,
                "start": 1784428924.5850947,
                "stop": 1784428924.5853221,
                "retries": 0,
                "file_path": "test_outputs.py"
            }
        ]
    }
}