{
    "results": {
        "tool": {
            "name": "pytest",
            "version": "8.4.1"
        },
        "summary": {
            "tests": 2,
            "passed": 2,
            "failed": 0,
            "skipped": 0,
            "pending": 0,
            "other": 0,
            "start": 1784532449.7018485,
            "stop": 1784532449.706172
        },
        "tests": [
            {
                "name": "test_outputs.py::test_all_numeric_checks_pass",
                "status": "passed",
                "duration": 0.00023041991516947746,
                "start": 1784532449.705456,
                "stop": 1784532449.70579,
                "retries": 0,
                "file_path": "test_outputs.py"
            },
            {
                "name": "test_outputs.py::test_expected_checks_present",
                "status": "passed",
                "duration": 0.00016437983140349388,
                "start": 1784532449.7058804,
                "stop": 1784532449.7061038,
                "retries": 0,
                "file_path": "test_outputs.py"
            }
        ]
    }
}