{
  "results": {
    "tool": {
      "name": "pytest",
      "version": "8.4.1"
    },
    "summary": {
      "tests": 2,
      "passed": 2,
      "failed": 0,
      "skipped": 0,
      "pending": 0,
      "other": 0,
      "start": 1784310524.4338226,
      "stop": 1784310524.438165
    },
    "tests": [
      {
        "name": "test_outputs.py::test_all_checks_pass",
        "status": "passed",
        "duration": 0.00022836029529571533,
        "start": 1784310524.437458,
        "stop": 1784310524.4377851,
        "retries": 0,
        "file_path": "test_outputs.py"
      },
      {
        "name": "test_outputs.py::test_expected_checks_present",
        "status": "passed",
        "duration": 0.00016681966371834278,
        "start": 1784310524.437873,
        "stop": 1784310524.4380977,
        "retries": 0,
        "file_path": "test_outputs.py"
      }
    ]
  }
}
