{
    "results": {
        "tool": {
            "name": "pytest",
            "version": "8.4.1"
        },
        "summary": {
            "tests": 2,
            "passed": 2,
            "failed": 0,
            "skipped": 0,
            "pending": 0,
            "other": 0,
            "start": 1784442158.8693435,
            "stop": 1784442158.8736825
        },
        "tests": [
            {
                "name": "test_outputs.py::test_all_checks_pass",
                "status": "passed",
                "duration": 0.00023365113884210587,
                "start": 1784442158.8729548,
                "stop": 1784442158.8732913,
                "retries": 0,
                "file_path": "test_outputs.py"
            },
            {
                "name": "test_outputs.py::test_expected_checks_present",
                "status": "passed",
                "duration": 0.0001735000405460596,
                "start": 1784442158.8733816,
                "stop": 1784442158.873615,
                "retries": 0,
                "file_path": "test_outputs.py"
            }
        ]
    }
}