{
  "shape": {
    "M": 8192,
    "N": 8192,
    "K": 8192
  },
  "warmup": 3,
  "repeats": 10,
  "original": {
    "source": "/tests/original_04-preshuffle_gemm.py",
    "accuracy": {
      "correct": true,
      "max_abs": 0.25,
      "max_violation": -0.0007156144129112363
    },
    "perf": {
      "median_ms": 1.6087190508842468,
      "times_ms": [
        1.7189429998397827,
        1.6842219829559326,
        1.6644610166549683,
        1.6093790531158447,
        1.608059048652649,
        1.6058590412139893,
        1.533735990524292,
        1.618778944015503,
        1.5920579433441162,
        1.5094549655914307
      ]
    }
  },
  "candidate": {
    "source": "/app/04-preshuffle_gemm.py",
    "accuracy": {
      "correct": true,
      "max_abs": 0.0,
      "max_violation": -0.0010000037727877498
    },
    "perf": {
      "median_ms": 1.3230680227279663,
      "times_ms": [
        1.5598969459533691,
        1.4156919717788696,
        1.3374890089035034,
        1.3338890075683594,
        1.3542900085449219,
        1.2847670316696167,
        1.3122470378875732,
        1.2929669618606567,
        1.2513660192489624,
        1.2829270362854004
      ]
    }
  },
  "candidate_vs_original_max_abs": 0.25,
  "candidate_isa_dir": "/tmp/flydsl_candidate_isa"
}