{
    "results": {
        "tool": {
            "name": "pytest",
            "version": "8.4.1"
        },
        "summary": {
            "tests": 2,
            "passed": 2,
            "failed": 0,
            "skipped": 0,
            "pending": 0,
            "other": 0,
            "start": 1784469846.603849,
            "stop": 1784469846.6084552
        },
        "tests": [
            {
                "name": "test_outputs.py::test_all_checks_pass",
                "status": "passed",
                "duration": 0.0002255698200315237,
                "start": 1784469846.6077416,
                "stop": 1784469846.6080704,
                "retries": 0,
                "file_path": "test_outputs.py"
            },
            {
                "name": "test_outputs.py::test_expected_checks_present",
                "status": "passed",
                "duration": 0.0001651998609304428,
                "start": 1784469846.608161,
                "stop": 1784469846.6083875,
                "retries": 0,
                "file_path": "test_outputs.py"
            }
        ]
    }
}