{
    "results": {
        "tool": {
            "name": "pytest",
            "version": "8.4.1"
        },
        "summary": {
            "tests": 2,
            "passed": 2,
            "failed": 0,
            "skipped": 0,
            "pending": 0,
            "other": 0,
            "start": 1784398210.6369,
            "stop": 1784398210.6412027
        },
        "tests": [
            {
                "name": "test_outputs.py::test_all_checks_pass",
                "status": "passed",
                "duration": 0.0002283498179167509,
                "start": 1784398210.6404839,
                "stop": 1784398210.64082,
                "retries": 0,
                "file_path": "test_outputs.py"
            },
            {
                "name": "test_outputs.py::test_expected_checks_present",
                "status": "passed",
                "duration": 0.00016372022219002247,
                "start": 1784398210.6409104,
                "stop": 1784398210.6411338,
                "retries": 0,
                "file_path": "test_outputs.py"
            }
        ]
    }
}