{
    "results": {
        "tool": {
            "name": "pytest",
            "version": "8.4.1"
        },
        "summary": {
            "tests": 2,
            "passed": 2,
            "failed": 0,
            "skipped": 0,
            "pending": 0,
            "other": 0,
            "start": 1784331206.0911307,
            "stop": 1784331206.0954542
        },
        "tests": [
            {
                "name": "test_outputs.py::test_all_checks_pass",
                "status": "passed",
                "duration": 0.00022923992946743965,
                "start": 1784331206.0947297,
                "stop": 1784331206.0950594,
                "retries": 0,
                "file_path": "test_outputs.py"
            },
            {
                "name": "test_outputs.py::test_expected_checks_present",
                "status": "passed",
                "duration": 0.0001762800384312868,
                "start": 1784331206.0951493,
                "stop": 1784331206.095386,
                "retries": 0,
                "file_path": "test_outputs.py"
            }
        ]
    }
}