{
  "shape": {
    "M": 8192,
    "N": 8192,
    "K": 8192
  },
  "warmup": 3,
  "repeats": 10,
  "original": {
    "source": "/tests/original_04-preshuffle_gemm.py",
    "accuracy": {
      "correct": true,
      "max_abs": 0.25,
      "max_violation": -0.0007156144129112363
    },
    "perf": {
      "median_ms": 1.5981789827346802,
      "times_ms": [
        1.729024052619934,
        1.6850630044937134,
        1.6589419841766357,
        1.595458984375,
        1.6133389472961426,
        1.6008989810943604,
        1.5362169742584229,
        1.5889389514923096,
        1.5538970232009888,
        1.5462570190429688
      ]
    }
  },
  "candidate": {
    "source": "/app/04-preshuffle_gemm.py",
    "accuracy": {
      "correct": true,
      "max_abs": 0.0,
      "max_violation": -0.0010000037727877498
    },
    "perf": {
      "median_ms": 1.303009033203125,
      "times_ms": [
        1.5404969453811646,
        1.4045729637145996,
        1.338170051574707,
        1.3094890117645264,
        1.3481709957122803,
        1.2905679941177368,
        1.2654069662094116,
        1.2965290546417236,
        1.2624870538711548,
        1.2332459688186646
      ]
    }
  },
  "candidate_vs_original_max_abs": 0.25,
  "candidate_isa_dir": "/tmp/flydsl_candidate_isa"
}