{
    "results": {
        "tool": {
            "name": "pytest",
            "version": "8.4.1"
        },
        "summary": {
            "tests": 2,
            "passed": 2,
            "failed": 0,
            "skipped": 0,
            "pending": 0,
            "other": 0,
            "start": 1784533924.107795,
            "stop": 1784533924.1128352
        },
        "tests": [
            {
                "name": "test_outputs.py::test_all_checks_pass",
                "status": "passed",
                "duration": 0.0002468500752002001,
                "start": 1784533924.112031,
                "stop": 1784533924.1123898,
                "retries": 0,
                "file_path": "test_outputs.py"
            },
            {
                "name": "test_outputs.py::test_expected_checks_present",
                "status": "passed",
                "duration": 0.00017886003479361534,
                "start": 1784533924.1124823,
                "stop": 1784533924.112732,
                "retries": 0,
                "file_path": "test_outputs.py"
            }
        ]
    }
}