{
    "results": {
        "tool": {
            "name": "pytest",
            "version": "8.4.1"
        },
        "summary": {
            "tests": 2,
            "passed": 2,
            "failed": 0,
            "skipped": 0,
            "pending": 0,
            "other": 0,
            "start": 1784330232.8299704,
            "stop": 1784330232.834618
        },
        "tests": [
            {
                "name": "test_outputs.py::test_all_checks_pass",
                "status": "passed",
                "duration": 0.0002297998871654272,
                "start": 1784330232.8339,
                "stop": 1784330232.8342333,
                "retries": 0,
                "file_path": "test_outputs.py"
            },
            {
                "name": "test_outputs.py::test_expected_checks_present",
                "status": "passed",
                "duration": 0.00016524014063179493,
                "start": 1784330232.8343246,
                "stop": 1784330232.83455,
                "retries": 0,
                "file_path": "test_outputs.py"
            }
        ]
    }
}