{
    "results": {
        "tool": {
            "name": "pytest",
            "version": "8.4.1"
        },
        "summary": {
            "tests": 2,
            "passed": 2,
            "failed": 0,
            "skipped": 0,
            "pending": 0,
            "other": 0,
            "start": 1784333288.0922718,
            "stop": 1784333288.097334
        },
        "tests": [
            {
                "name": "test_outputs.py::test_all_checks_pass",
                "status": "passed",
                "duration": 0.00026064016856253147,
                "start": 1784333288.0965345,
                "stop": 1784333288.096907,
                "retries": 0,
                "file_path": "test_outputs.py"
            },
            {
                "name": "test_outputs.py::test_expected_checks_present",
                "status": "passed",
                "duration": 0.00018222001381218433,
                "start": 1784333288.0970023,
                "stop": 1784333288.0972562,
                "retries": 0,
                "file_path": "test_outputs.py"
            }
        ]
    }
}