{
    "results": {
        "tool": {
            "name": "pytest",
            "version": "8.4.1"
        },
        "summary": {
            "tests": 2,
            "passed": 2,
            "failed": 0,
            "skipped": 0,
            "pending": 0,
            "other": 0,
            "start": 1784327483.6327798,
            "stop": 1784327483.63701
        },
        "tests": [
            {
                "name": "test_outputs.py::test_all_checks_pass",
                "status": "passed",
                "duration": 0.00022672000341117382,
                "start": 1784327483.6362884,
                "stop": 1784327483.6366155,
                "retries": 0,
                "file_path": "test_outputs.py"
            },
            {
                "name": "test_outputs.py::test_expected_checks_present",
                "status": "passed",
                "duration": 0.00017692102119326591,
                "start": 1784327483.636705,
                "stop": 1784327483.6369424,
                "retries": 0,
                "file_path": "test_outputs.py"
            }
        ]
    }
}