{
    "results": {
        "tool": {
            "name": "pytest",
            "version": "8.4.1"
        },
        "summary": {
            "tests": 2,
            "passed": 2,
            "failed": 0,
            "skipped": 0,
            "pending": 0,
            "other": 0,
            "start": 1784481040.102024,
            "stop": 1784481040.1063826
        },
        "tests": [
            {
                "name": "test_outputs.py::test_all_checks_pass",
                "status": "passed",
                "duration": 0.00022793002426624298,
                "start": 1784481040.1056757,
                "stop": 1784481040.1060047,
                "retries": 0,
                "file_path": "test_outputs.py"
            },
            {
                "name": "test_outputs.py::test_expected_checks_present",
                "status": "passed",
                "duration": 0.0001656000968068838,
                "start": 1784481040.1060944,
                "stop": 1784481040.1063173,
                "retries": 0,
                "file_path": "test_outputs.py"
            }
        ]
    }
}