{
    "results": {
        "tool": {
            "name": "pytest",
            "version": "8.4.1"
        },
        "summary": {
            "tests": 2,
            "passed": 2,
            "failed": 0,
            "skipped": 0,
            "pending": 0,
            "other": 0,
            "start": 1784466626.6400702,
            "stop": 1784466626.6455455
        },
        "tests": [
            {
                "name": "test_outputs.py::test_all_checks_pass",
                "status": "passed",
                "duration": 0.00028860103338956833,
                "start": 1784466626.6446927,
                "stop": 1784466626.6451163,
                "retries": 0,
                "file_path": "test_outputs.py"
            },
            {
                "name": "test_outputs.py::test_expected_checks_present",
                "status": "passed",
                "duration": 0.00018245005048811436,
                "start": 1784466626.6452122,
                "stop": 1784466626.6454651,
                "retries": 0,
                "file_path": "test_outputs.py"
            }
        ]
    }
}