{
  "results": {
    "tool": {
      "name": "pytest",
      "version": "8.4.1"
    },
    "summary": {
      "tests": 2,
      "passed": 2,
      "failed": 0,
      "skipped": 0,
      "pending": 0,
      "other": 0,
      "start": 1784527498.7869697,
      "stop": 1784527498.792148
    },
    "tests": [
      {
        "name": "test_outputs.py::test_all_checks_pass",
        "status": "passed",
        "duration": 0.0002552000805735588,
        "start": 1784527498.791362,
        "stop": 1784527498.7917278,
        "retries": 0,
        "file_path": "test_outputs.py"
      },
      {
        "name": "test_outputs.py::test_expected_checks_present",
        "status": "passed",
        "duration": 0.00018230010755360126,
        "start": 1784527498.7918224,
        "stop": 1784527498.7920723,
        "retries": 0,
        "file_path": "test_outputs.py"
      }
    ]
  }
}
