{
  "shape": {
    "M": 8192,
    "N": 8192,
    "K": 8192
  },
  "warmup": 3,
  "repeats": 10,
  "original": {
    "source": "/tests/original_04-preshuffle_gemm.py",
    "accuracy": {
      "correct": true,
      "max_abs": 0.25,
      "max_violation": -0.0007156144129112363
    },
    "perf": {
      "median_ms": 1.605235993862152,
      "times_ms": [
        1.7236599922180176,
        1.6408170461654663,
        1.6703380346298218,
        1.6345369815826416,
        1.580494999885559,
        1.6084959506988525,
        1.6019760370254517,
        1.5235730409622192,
        1.598855972290039,
        1.591096043586731
      ]
    }
  },
  "candidate": {
    "source": "/app/04-preshuffle_gemm.py",
    "accuracy": {
      "correct": true,
      "max_abs": 0.25,
      "max_violation": -0.0009126892546191812
    },
    "perf": {
      "median_ms": 1.374448001384735,
      "times_ms": [
        1.526932954788208,
        1.470850944519043,
        1.4037690162658691,
        1.4129300117492676,
        1.3812880516052246,
        1.3348469734191895,
        1.3676079511642456,
        1.3318870067596436,
        1.3474080562591553,
        1.3284460306167603
      ]
    }
  },
  "candidate_vs_original_max_abs": 0.25,
  "candidate_isa_dir": "/tmp/flydsl_candidate_isa"
}