{
    "results": {
        "tool": {
            "name": "pytest",
            "version": "8.4.1"
        },
        "summary": {
            "tests": 2,
            "passed": 2,
            "failed": 0,
            "skipped": 0,
            "pending": 0,
            "other": 0,
            "start": 1784330769.7848918,
            "stop": 1784330769.7910764
        },
        "tests": [
            {
                "name": "test_outputs.py::test_all_shapes_correct",
                "status": "passed",
                "duration": 0.0002796710468828678,
                "start": 1784330769.7902374,
                "stop": 1784330769.790635,
                "retries": 0,
                "file_path": "test_outputs.py"
            },
            {
                "name": "test_outputs.py::test_aggregate_speedup",
                "status": "passed",
                "duration": 0.00019592978060245514,
                "start": 1784330769.7907314,
                "stop": 1784330769.790998,
                "retries": 0,
                "file_path": "test_outputs.py"
            }
        ]
    }
}