{
    "results": {
        "tool": {
            "name": "pytest",
            "version": "8.4.1"
        },
        "summary": {
            "tests": 2,
            "passed": 2,
            "failed": 0,
            "skipped": 0,
            "pending": 0,
            "other": 0,
            "start": 1784329281.0529623,
            "stop": 1784329281.0575645
        },
        "tests": [
            {
                "name": "test_outputs.py::test_all_checks_pass",
                "status": "passed",
                "duration": 0.00023230980150401592,
                "start": 1784329281.056847,
                "stop": 1784329281.057183,
                "retries": 0,
                "file_path": "test_outputs.py"
            },
            {
                "name": "test_outputs.py::test_expected_checks_present",
                "status": "passed",
                "duration": 0.00016464991495013237,
                "start": 1784329281.0572712,
                "stop": 1784329281.0574963,
                "retries": 0,
                "file_path": "test_outputs.py"
            }
        ]
    }
}