{
    "results": {
        "tool": {
            "name": "pytest",
            "version": "8.4.1"
        },
        "summary": {
            "tests": 2,
            "passed": 2,
            "failed": 0,
            "skipped": 0,
            "pending": 0,
            "other": 0,
            "start": 1784317433.960564,
            "stop": 1784317433.96489
        },
        "tests": [
            {
                "name": "test_outputs.py::test_all_checks_pass",
                "status": "passed",
                "duration": 0.00023147999309003353,
                "start": 1784317433.9641585,
                "stop": 1784317433.964492,
                "retries": 0,
                "file_path": "test_outputs.py"
            },
            {
                "name": "test_outputs.py::test_expected_checks_present",
                "status": "passed",
                "duration": 0.00017799995839595795,
                "start": 1784317433.9645827,
                "stop": 1784317433.9648213,
                "retries": 0,
                "file_path": "test_outputs.py"
            }
        ]
    }
}