{
  "shape": {
    "M": 8192,
    "N": 8192,
    "K": 8192
  },
  "warmup": 3,
  "repeats": 10,
  "original": {
    "source": "/tests/original_04-preshuffle_gemm.py",
    "accuracy": {
      "correct": true,
      "max_abs": 0.25,
      "max_violation": -0.0007156144129112363
    },
    "perf": {
      "median_ms": 1.5928155183792114,
      "times_ms": [
        1.6929789781570435,
        1.6476980447769165,
        1.6627379655838013,
        1.618175983428955,
        1.541733980178833,
        1.6042560338974,
        1.581375002861023,
        1.5700149536132812,
        1.5664550065994263,
        1.5171730518341064
      ]
    }
  },
  "candidate": {
    "source": "/app/04-preshuffle_gemm.py",
    "accuracy": {
      "correct": true,
      "max_abs": 0.0,
      "max_violation": -0.0010000037727877498
    },
    "perf": {
      "median_ms": 1.3125454783439636,
      "times_ms": [
        1.4634510278701782,
        1.3804080486297607,
        1.317445993423462,
        1.3730870485305786,
        1.3076449632644653,
        1.3029249906539917,
        1.3265659809112549,
        1.2574039697647095,
        1.265604019165039,
        1.2982460260391235
      ]
    }
  },
  "candidate_vs_original_max_abs": 0.25,
  "candidate_isa_dir": "/tmp/flydsl_candidate_isa"
}