{
    "results": {
        "tool": {
            "name": "pytest",
            "version": "8.4.1"
        },
        "summary": {
            "tests": 2,
            "passed": 2,
            "failed": 0,
            "skipped": 0,
            "pending": 0,
            "other": 0,
            "start": 1784429831.0615487,
            "stop": 1784429831.0658529
        },
        "tests": [
            {
                "name": "test_outputs.py::test_all_checks_pass",
                "status": "passed",
                "duration": 0.00022863014601171017,
                "start": 1784429831.0651374,
                "stop": 1784429831.0654705,
                "retries": 0,
                "file_path": "test_outputs.py"
            },
            {
                "name": "test_outputs.py::test_expected_checks_present",
                "status": "passed",
                "duration": 0.00016506086103618145,
                "start": 1784429831.0655608,
                "stop": 1784429831.065786,
                "retries": 0,
                "file_path": "test_outputs.py"
            }
        ]
    }
}