{
    "results": {
        "tool": {
            "name": "pytest",
            "version": "8.4.1"
        },
        "summary": {
            "tests": 2,
            "passed": 2,
            "failed": 0,
            "skipped": 0,
            "pending": 0,
            "other": 0,
            "start": 1784429865.3107378,
            "stop": 1784429865.315149
        },
        "tests": [
            {
                "name": "test_outputs.py::test_all_checks_pass",
                "status": "passed",
                "duration": 0.0002253800630569458,
                "start": 1784429865.3144493,
                "stop": 1784429865.3147755,
                "retries": 0,
                "file_path": "test_outputs.py"
            },
            {
                "name": "test_outputs.py::test_expected_checks_present",
                "status": "passed",
                "duration": 0.0001605700235813856,
                "start": 1784429865.3148642,
                "stop": 1784429865.3150826,
                "retries": 0,
                "file_path": "test_outputs.py"
            }
        ]
    }
}