{
    "results": {
        "tool": {
            "name": "pytest",
            "version": "8.4.1"
        },
        "summary": {
            "tests": 2,
            "passed": 2,
            "failed": 0,
            "skipped": 0,
            "pending": 0,
            "other": 0,
            "start": 1784331628.8978772,
            "stop": 1784331628.9021573
        },
        "tests": [
            {
                "name": "test_outputs.py::test_all_checks_pass",
                "status": "passed",
                "duration": 0.00022706040181219578,
                "start": 1784331628.9014409,
                "stop": 1784331628.9017692,
                "retries": 0,
                "file_path": "test_outputs.py"
            },
            {
                "name": "test_outputs.py::test_expected_checks_present",
                "status": "passed",
                "duration": 0.0001686501782387495,
                "start": 1784331628.9018607,
                "stop": 1784331628.9020889,
                "retries": 0,
                "file_path": "test_outputs.py"
            }
        ]
    }
}