{
    "results": {
        "tool": {
            "name": "pytest",
            "version": "8.4.1"
        },
        "summary": {
            "tests": 2,
            "passed": 2,
            "failed": 0,
            "skipped": 0,
            "pending": 0,
            "other": 0,
            "start": 1784388672.3823578,
            "stop": 1784388672.3867893
        },
        "tests": [
            {
                "name": "test_outputs.py::test_all_checks_pass",
                "status": "passed",
                "duration": 0.00022688042372465134,
                "start": 1784388672.3860805,
                "stop": 1784388672.386411,
                "retries": 0,
                "file_path": "test_outputs.py"
            },
            {
                "name": "test_outputs.py::test_expected_checks_present",
                "status": "passed",
                "duration": 0.00016156001947820187,
                "start": 1784388672.3865004,
                "stop": 1784388672.3867214,
                "retries": 0,
                "file_path": "test_outputs.py"
            }
        ]
    }
}