{
    "results": {
        "tool": {
            "name": "pytest",
            "version": "8.4.1"
        },
        "summary": {
            "tests": 2,
            "passed": 2,
            "failed": 0,
            "skipped": 0,
            "pending": 0,
            "other": 0,
            "start": 1784330628.0605357,
            "stop": 1784330628.0648897
        },
        "tests": [
            {
                "name": "test_outputs.py::test_all_numeric_checks_pass",
                "status": "passed",
                "duration": 0.0002284098882228136,
                "start": 1784330628.06417,
                "stop": 1784330628.064504,
                "retries": 0,
                "file_path": "test_outputs.py"
            },
            {
                "name": "test_outputs.py::test_expected_checks_present",
                "status": "passed",
                "duration": 0.00016863993369042873,
                "start": 1784330628.0645933,
                "stop": 1784330628.0648224,
                "retries": 0,
                "file_path": "test_outputs.py"
            }
        ]
    }
}