{
    "results": {
        "tool": {
            "name": "pytest",
            "version": "8.4.1"
        },
        "summary": {
            "tests": 2,
            "passed": 2,
            "failed": 0,
            "skipped": 0,
            "pending": 0,
            "other": 0,
            "start": 1784464822.5016,
            "stop": 1784464822.506817
        },
        "tests": [
            {
                "name": "test_outputs.py::test_all_checks_pass",
                "status": "passed",
                "duration": 0.00026548001915216446,
                "start": 1784464822.506005,
                "stop": 1784464822.506385,
                "retries": 0,
                "file_path": "test_outputs.py"
            },
            {
                "name": "test_outputs.py::test_expected_checks_present",
                "status": "passed",
                "duration": 0.00018762005493044853,
                "start": 1784464822.5064821,
                "stop": 1784464822.5067396,
                "retries": 0,
                "file_path": "test_outputs.py"
            }
        ]
    }
}