{
    "results": {
        "tool": {
            "name": "pytest",
            "version": "8.4.1"
        },
        "summary": {
            "tests": 2,
            "passed": 2,
            "failed": 0,
            "skipped": 0,
            "pending": 0,
            "other": 0,
            "start": 1784336637.9230947,
            "stop": 1784336637.9281127
        },
        "tests": [
            {
                "name": "test_outputs.py::test_all_numeric_checks_pass",
                "status": "passed",
                "duration": 0.0002868897281587124,
                "start": 1784336637.927308,
                "stop": 1784336637.9277256,
                "retries": 0,
                "file_path": "test_outputs.py"
            },
            {
                "name": "test_outputs.py::test_expected_checks_present",
                "status": "passed",
                "duration": 0.00016349018551409245,
                "start": 1784336637.9278142,
                "stop": 1784336637.9280386,
                "retries": 0,
                "file_path": "test_outputs.py"
            }
        ]
    }
}