{
    "results": {
        "tool": {
            "name": "pytest",
            "version": "8.4.1"
        },
        "summary": {
            "tests": 2,
            "passed": 2,
            "failed": 0,
            "skipped": 0,
            "pending": 0,
            "other": 0,
            "start": 1784458888.1177535,
            "stop": 1784458888.1220732
        },
        "tests": [
            {
                "name": "test_outputs.py::test_all_checks_pass",
                "status": "passed",
                "duration": 0.00021796021610498428,
                "start": 1784458888.1213765,
                "stop": 1784458888.1216934,
                "retries": 0,
                "file_path": "test_outputs.py"
            },
            {
                "name": "test_outputs.py::test_expected_checks_present",
                "status": "passed",
                "duration": 0.00016652001067996025,
                "start": 1784458888.121781,
                "stop": 1784458888.1220076,
                "retries": 0,
                "file_path": "test_outputs.py"
            }
        ]
    }
}