{
    "results": {
        "tool": {
            "name": "pytest",
            "version": "8.4.1"
        },
        "summary": {
            "tests": 2,
            "passed": 2,
            "failed": 0,
            "skipped": 0,
            "pending": 0,
            "other": 0,
            "start": 1784464796.7319596,
            "stop": 1784464796.7362463
        },
        "tests": [
            {
                "name": "test_outputs.py::test_all_checks_pass",
                "status": "passed",
                "duration": 0.0002329801209270954,
                "start": 1784464796.7355173,
                "stop": 1784464796.7358541,
                "retries": 0,
                "file_path": "test_outputs.py"
            },
            {
                "name": "test_outputs.py::test_expected_checks_present",
                "status": "passed",
                "duration": 0.00017069000750780106,
                "start": 1784464796.735946,
                "stop": 1784464796.7361782,
                "retries": 0,
                "file_path": "test_outputs.py"
            }
        ]
    }
}