{
    "results": {
        "tool": {
            "name": "pytest",
            "version": "8.4.1"
        },
        "summary": {
            "tests": 2,
            "passed": 2,
            "failed": 0,
            "skipped": 0,
            "pending": 0,
            "other": 0,
            "start": 1784415704.565419,
            "stop": 1784415704.5698454
        },
        "tests": [
            {
                "name": "test_outputs.py::test_all_checks_pass",
                "status": "passed",
                "duration": 0.000234880018979311,
                "start": 1784415704.5691128,
                "stop": 1784415704.5694537,
                "retries": 0,
                "file_path": "test_outputs.py"
            },
            {
                "name": "test_outputs.py::test_expected_checks_present",
                "status": "passed",
                "duration": 0.00017344020307064056,
                "start": 1784415704.5695453,
                "stop": 1784415704.5697784,
                "retries": 0,
                "file_path": "test_outputs.py"
            }
        ]
    }
}