{
  "shape": {
    "M": 8192,
    "N": 8192,
    "K": 8192
  },
  "warmup": 3,
  "repeats": 10,
  "original": {
    "source": "/tests/original_04-preshuffle_gemm.py",
    "accuracy": {
      "correct": true,
      "max_abs": 0.25,
      "max_violation": -0.0007156144129112363
    },
    "perf": {
      "median_ms": 1.599258005619049,
      "times_ms": [
        1.7117019891738892,
        1.652899980545044,
        1.588778018951416,
        1.6556600332260132,
        1.6138590574264526,
        1.5207350254058838,
        1.5987780094146729,
        1.5997380018234253,
        1.5079749822616577,
        1.5636169910430908
      ]
    }
  },
  "candidate": {
    "source": "/app/04-preshuffle_gemm.py",
    "accuracy": {
      "correct": true,
      "max_abs": 0.0,
      "max_violation": -0.0010000037727877498
    },
    "perf": {
      "median_ms": 1.305987536907196,
      "times_ms": [
        1.5416159629821777,
        1.3990910053253174,
        1.314566969871521,
        1.3128880262374878,
        1.3392889499664307,
        1.2750459909439087,
        1.274925947189331,
        1.2990870475769043,
        1.25804603099823,
        1.2343649864196777
      ]
    }
  },
  "candidate_vs_original_max_abs": 0.25,
  "candidate_isa_dir": "/tmp/flydsl_candidate_isa"
}