{
    "results": {
        "tool": {
            "name": "pytest",
            "version": "8.4.1"
        },
        "summary": {
            "tests": 2,
            "passed": 2,
            "failed": 0,
            "skipped": 0,
            "pending": 0,
            "other": 0,
            "start": 1784442790.80933,
            "stop": 1784442790.8136241
        },
        "tests": [
            {
                "name": "test_outputs.py::test_all_checks_pass",
                "status": "passed",
                "duration": 0.0002280899789184332,
                "start": 1784442790.8129106,
                "stop": 1784442790.813241,
                "retries": 0,
                "file_path": "test_outputs.py"
            },
            {
                "name": "test_outputs.py::test_expected_checks_present",
                "status": "passed",
                "duration": 0.00016609998419880867,
                "start": 1784442790.813331,
                "stop": 1784442790.8135567,
                "retries": 0,
                "file_path": "test_outputs.py"
            }
        ]
    }
}