{
    "results": {
        "tool": {
            "name": "pytest",
            "version": "8.4.1"
        },
        "summary": {
            "tests": 2,
            "passed": 2,
            "failed": 0,
            "skipped": 0,
            "pending": 0,
            "other": 0,
            "start": 1784442494.9075804,
            "stop": 1784442494.912879
        },
        "tests": [
            {
                "name": "test_outputs.py::test_all_numeric_checks_pass",
                "status": "passed",
                "duration": 0.0002942399587482214,
                "start": 1784442494.9119742,
                "stop": 1784442494.9124026,
                "retries": 0,
                "file_path": "test_outputs.py"
            },
            {
                "name": "test_outputs.py::test_expected_checks_present",
                "status": "passed",
                "duration": 0.00021650991402566433,
                "start": 1784442494.912504,
                "stop": 1784442494.912786,
                "retries": 0,
                "file_path": "test_outputs.py"
            }
        ]
    }
}