{
    "results": {
        "tool": {
            "name": "pytest",
            "version": "8.4.1"
        },
        "summary": {
            "tests": 2,
            "passed": 2,
            "failed": 0,
            "skipped": 0,
            "pending": 0,
            "other": 0,
            "start": 1784317596.6065347,
            "stop": 1784317596.6108296
        },
        "tests": [
            {
                "name": "test_outputs.py::test_all_numeric_checks_pass",
                "status": "passed",
                "duration": 0.0002279698383063078,
                "start": 1784317596.6101117,
                "stop": 1784317596.6104443,
                "retries": 0,
                "file_path": "test_outputs.py"
            },
            {
                "name": "test_outputs.py::test_expected_checks_present",
                "status": "passed",
                "duration": 0.00016670115292072296,
                "start": 1784317596.6105335,
                "stop": 1784317596.6107614,
                "retries": 0,
                "file_path": "test_outputs.py"
            }
        ]
    }
}