{
    "results": {
        "tool": {
            "name": "pytest",
            "version": "8.4.1"
        },
        "summary": {
            "tests": 2,
            "passed": 2,
            "failed": 0,
            "skipped": 0,
            "pending": 0,
            "other": 0,
            "start": 1784473867.7016196,
            "stop": 1784473867.7058692
        },
        "tests": [
            {
                "name": "test_outputs.py::test_all_checks_pass",
                "status": "passed",
                "duration": 0.00022868067026138306,
                "start": 1784473867.7051456,
                "stop": 1784473867.7054782,
                "retries": 0,
                "file_path": "test_outputs.py"
            },
            {
                "name": "test_outputs.py::test_expected_checks_present",
                "status": "passed",
                "duration": 0.00017193006351590157,
                "start": 1784473867.705568,
                "stop": 1784473867.705801,
                "retries": 0,
                "file_path": "test_outputs.py"
            }
        ]
    }
}