{
    "results": {
        "tool": {
            "name": "pytest",
            "version": "8.4.1"
        },
        "summary": {
            "tests": 2,
            "passed": 2,
            "failed": 0,
            "skipped": 0,
            "pending": 0,
            "other": 0,
            "start": 1784429184.5235524,
            "stop": 1784429184.5278559
        },
        "tests": [
            {
                "name": "test_outputs.py::test_all_checks_pass",
                "status": "passed",
                "duration": 0.0002186298370361328,
                "start": 1784429184.5271764,
                "stop": 1784429184.5274892,
                "retries": 0,
                "file_path": "test_outputs.py"
            },
            {
                "name": "test_outputs.py::test_expected_checks_present",
                "status": "passed",
                "duration": 0.00016253022477030754,
                "start": 1784429184.527576,
                "stop": 1784429184.527793,
                "retries": 0,
                "file_path": "test_outputs.py"
            }
        ]
    }
}