{
    "results": {
        "tool": {
            "name": "pytest",
            "version": "8.4.1"
        },
        "summary": {
            "tests": 2,
            "passed": 2,
            "failed": 0,
            "skipped": 0,
            "pending": 0,
            "other": 0,
            "start": 1784482041.1562576,
            "stop": 1784482041.1605003
        },
        "tests": [
            {
                "name": "test_outputs.py::test_all_checks_pass",
                "status": "passed",
                "duration": 0.00022551999427378178,
                "start": 1784482041.1597927,
                "stop": 1784482041.1601212,
                "retries": 0,
                "file_path": "test_outputs.py"
            },
            {
                "name": "test_outputs.py::test_expected_checks_present",
                "status": "passed",
                "duration": 0.0001630806364119053,
                "start": 1784482041.1602116,
                "stop": 1784482041.1604328,
                "retries": 0,
                "file_path": "test_outputs.py"
            }
        ]
    }
}