{
    "results": {
        "tool": {
            "name": "pytest",
            "version": "8.4.1"
        },
        "summary": {
            "tests": 2,
            "passed": 2,
            "failed": 0,
            "skipped": 0,
            "pending": 0,
            "other": 0,
            "start": 1784429655.8264556,
            "stop": 1784429655.8307433
        },
        "tests": [
            {
                "name": "test_outputs.py::test_all_checks_pass",
                "status": "passed",
                "duration": 0.00022499985061585903,
                "start": 1784429655.8300312,
                "stop": 1784429655.8303583,
                "retries": 0,
                "file_path": "test_outputs.py"
            },
            {
                "name": "test_outputs.py::test_expected_checks_present",
                "status": "passed",
                "duration": 0.00016972003504633904,
                "start": 1784429655.8304465,
                "stop": 1784429655.8306766,
                "retries": 0,
                "file_path": "test_outputs.py"
            }
        ]
    }
}