{
  "shape": {
    "M": 8192,
    "N": 8192,
    "K": 8192
  },
  "warmup": 3,
  "repeats": 10,
  "original": {
    "source": "/tests/original_04-preshuffle_gemm.py",
    "accuracy": {
      "correct": true,
      "max_abs": 0.25,
      "max_violation": -0.0007156144129112363
    },
    "perf": {
      "median_ms": 1.5839579701423645,
      "times_ms": [
        1.7240630388259888,
        1.6217800378799438,
        1.6671819686889648,
        1.6445800065994263,
        1.5863779783248901,
        1.5655770301818848,
        1.5815379619598389,
        1.546617031097412,
        1.5565780401229858,
        1.5516170263290405
      ]
    }
  },
  "candidate": {
    "source": "/app/04-preshuffle_gemm.py",
    "accuracy": {
      "correct": true,
      "max_abs": 0.0,
      "max_violation": -0.0010000037727877498
    },
    "perf": {
      "median_ms": 1.3033674955368042,
      "times_ms": [
        1.5422170162200928,
        1.3880510330200195,
        1.3295279741287231,
        1.299767017364502,
        1.345808982849121,
        1.2828069925308228,
        1.248486042022705,
        1.3069679737091064,
        1.2673259973526,
        1.2241250276565552
      ]
    }
  },
  "candidate_vs_original_max_abs": 0.25,
  "candidate_isa_dir": "/tmp/flydsl_candidate_isa"
}