{
    "results": {
        "tool": {
            "name": "pytest",
            "version": "8.4.1"
        },
        "summary": {
            "tests": 2,
            "passed": 2,
            "failed": 0,
            "skipped": 0,
            "pending": 0,
            "other": 0,
            "start": 1784443752.6621933,
            "stop": 1784443752.6673355
        },
        "tests": [
            {
                "name": "test_outputs.py::test_all_checks_pass",
                "status": "passed",
                "duration": 0.00025459006428718567,
                "start": 1784443752.6665328,
                "stop": 1784443752.6669004,
                "retries": 0,
                "file_path": "test_outputs.py"
            },
            {
                "name": "test_outputs.py::test_expected_checks_present",
                "status": "passed",
                "duration": 0.0001853499561548233,
                "start": 1784443752.6669972,
                "stop": 1784443752.6672559,
                "retries": 0,
                "file_path": "test_outputs.py"
            }
        ]
    }
}