{
    "results": {
        "tool": {
            "name": "pytest",
            "version": "8.4.1"
        },
        "summary": {
            "tests": 2,
            "passed": 2,
            "failed": 0,
            "skipped": 0,
            "pending": 0,
            "other": 0,
            "start": 1784485290.9976335,
            "stop": 1784485291.0018532
        },
        "tests": [
            {
                "name": "test_outputs.py::test_all_checks_pass",
                "status": "passed",
                "duration": 0.00023102969862520695,
                "start": 1784485291.0011342,
                "stop": 1784485291.001467,
                "retries": 0,
                "file_path": "test_outputs.py"
            },
            {
                "name": "test_outputs.py::test_expected_checks_present",
                "status": "passed",
                "duration": 0.00017033005133271217,
                "start": 1784485291.001555,
                "stop": 1784485291.0017853,
                "retries": 0,
                "file_path": "test_outputs.py"
            }
        ]
    }
}