{
    "results": {
        "tool": {
            "name": "pytest",
            "version": "8.4.1"
        },
        "summary": {
            "tests": 2,
            "passed": 2,
            "failed": 0,
            "skipped": 0,
            "pending": 0,
            "other": 0,
            "start": 1784323964.4400067,
            "stop": 1784323964.4442365
        },
        "tests": [
            {
                "name": "test_outputs.py::test_all_numeric_checks_pass",
                "status": "passed",
                "duration": 0.00022059003822505474,
                "start": 1784323964.4435377,
                "stop": 1784323964.4438605,
                "retries": 0,
                "file_path": "test_outputs.py"
            },
            {
                "name": "test_outputs.py::test_expected_checks_present",
                "status": "passed",
                "duration": 0.00016032974235713482,
                "start": 1784323964.4439507,
                "stop": 1784323964.44417,
                "retries": 0,
                "file_path": "test_outputs.py"
            }
        ]
    }
}