{
  "results": {
    "tool": {
      "name": "pytest",
      "version": "8.4.1"
    },
    "summary": {
      "tests": 2,
      "passed": 2,
      "failed": 0,
      "skipped": 0,
      "pending": 0,
      "other": 0,
      "start": 1784310813.343207,
      "stop": 1784310813.3474398
    },
    "tests": [
      {
        "name": "test_outputs.py::test_all_checks_pass",
        "status": "passed",
        "duration": 0.0002299200277775526,
        "start": 1784310813.346722,
        "stop": 1784310813.3470519,
        "retries": 0,
        "file_path": "test_outputs.py"
      },
      {
        "name": "test_outputs.py::test_expected_checks_present",
        "status": "passed",
        "duration": 0.00016981991939246655,
        "start": 1784310813.3471422,
        "stop": 1784310813.3473713,
        "retries": 0,
        "file_path": "test_outputs.py"
      }
    ]
  }
}
