{
    "results": {
        "tool": {
            "name": "pytest",
            "version": "8.4.1"
        },
        "summary": {
            "tests": 2,
            "passed": 2,
            "failed": 0,
            "skipped": 0,
            "pending": 0,
            "other": 0,
            "start": 1784317325.421928,
            "stop": 1784317325.4262893
        },
        "tests": [
            {
                "name": "test_outputs.py::test_all_checks_pass",
                "status": "passed",
                "duration": 0.00022013019770383835,
                "start": 1784317325.425591,
                "stop": 1784317325.4259105,
                "retries": 0,
                "file_path": "test_outputs.py"
            },
            {
                "name": "test_outputs.py::test_expected_checks_present",
                "status": "passed",
                "duration": 0.00016465084627270699,
                "start": 1784317325.4259999,
                "stop": 1784317325.4262245,
                "retries": 0,
                "file_path": "test_outputs.py"
            }
        ]
    }
}