{
    "results": {
        "tool": {
            "name": "pytest",
            "version": "8.4.1"
        },
        "summary": {
            "tests": 2,
            "passed": 2,
            "failed": 0,
            "skipped": 0,
            "pending": 0,
            "other": 0,
            "start": 1784442097.734818,
            "stop": 1784442097.739372
        },
        "tests": [
            {
                "name": "test_outputs.py::test_all_checks_pass",
                "status": "passed",
                "duration": 0.00022848998196423054,
                "start": 1784442097.738662,
                "stop": 1784442097.7389936,
                "retries": 0,
                "file_path": "test_outputs.py"
            },
            {
                "name": "test_outputs.py::test_expected_checks_present",
                "status": "passed",
                "duration": 0.0001632401254028082,
                "start": 1784442097.7390826,
                "stop": 1784442097.739305,
                "retries": 0,
                "file_path": "test_outputs.py"
            }
        ]
    }
}