{
    "results": {
        "tool": {
            "name": "pytest",
            "version": "8.4.1"
        },
        "summary": {
            "tests": 2,
            "passed": 2,
            "failed": 0,
            "skipped": 0,
            "pending": 0,
            "other": 0,
            "start": 1784317163.3277814,
            "stop": 1784317163.3323443
        },
        "tests": [
            {
                "name": "test_outputs.py::test_all_checks_pass",
                "status": "passed",
                "duration": 0.00022305035963654518,
                "start": 1784317163.3316333,
                "stop": 1784317163.3319597,
                "retries": 0,
                "file_path": "test_outputs.py"
            },
            {
                "name": "test_outputs.py::test_expected_checks_present",
                "status": "passed",
                "duration": 0.00016424967907369137,
                "start": 1784317163.33205,
                "stop": 1784317163.3322754,
                "retries": 0,
                "file_path": "test_outputs.py"
            }
        ]
    }
}