{
    "results": {
        "tool": {
            "name": "pytest",
            "version": "8.4.1"
        },
        "summary": {
            "tests": 2,
            "passed": 2,
            "failed": 0,
            "skipped": 0,
            "pending": 0,
            "other": 0,
            "start": 1784388748.8113399,
            "stop": 1784388748.8156621
        },
        "tests": [
            {
                "name": "test_outputs.py::test_all_checks_pass",
                "status": "passed",
                "duration": 0.00021968083456158638,
                "start": 1784388748.8149676,
                "stop": 1784388748.8152852,
                "retries": 0,
                "file_path": "test_outputs.py"
            },
            {
                "name": "test_outputs.py::test_expected_checks_present",
                "status": "passed",
                "duration": 0.00016586994752287865,
                "start": 1784388748.8153725,
                "stop": 1784388748.815595,
                "retries": 0,
                "file_path": "test_outputs.py"
            }
        ]
    }
}