{
    "results": {
        "tool": {
            "name": "pytest",
            "version": "8.4.1"
        },
        "summary": {
            "tests": 2,
            "passed": 2,
            "failed": 0,
            "skipped": 0,
            "pending": 0,
            "other": 0,
            "start": 1784415293.7565935,
            "stop": 1784415293.7611914
        },
        "tests": [
            {
                "name": "test_outputs.py::test_all_checks_pass",
                "status": "passed",
                "duration": 0.0002264000941067934,
                "start": 1784415293.7604682,
                "stop": 1784415293.7608008,
                "retries": 0,
                "file_path": "test_outputs.py"
            },
            {
                "name": "test_outputs.py::test_expected_checks_present",
                "status": "passed",
                "duration": 0.00016616983339190483,
                "start": 1784415293.7608929,
                "stop": 1784415293.761122,
                "retries": 0,
                "file_path": "test_outputs.py"
            }
        ]
    }
}