{
    "results": {
        "tool": {
            "name": "pytest",
            "version": "8.4.1"
        },
        "summary": {
            "tests": 2,
            "passed": 2,
            "failed": 0,
            "skipped": 0,
            "pending": 0,
            "other": 0,
            "start": 1784324400.538258,
            "stop": 1784324400.5426064
        },
        "tests": [
            {
                "name": "test_outputs.py::test_all_checks_pass",
                "status": "passed",
                "duration": 0.00022807996720075607,
                "start": 1784324400.5418866,
                "stop": 1784324400.54222,
                "retries": 0,
                "file_path": "test_outputs.py"
            },
            {
                "name": "test_outputs.py::test_expected_checks_present",
                "status": "passed",
                "duration": 0.00016654003411531448,
                "start": 1784324400.5423107,
                "stop": 1784324400.542538,
                "retries": 0,
                "file_path": "test_outputs.py"
            }
        ]
    }
}