{
    "results": {
        "tool": {
            "name": "pytest",
            "version": "8.4.1"
        },
        "summary": {
            "tests": 2,
            "passed": 2,
            "failed": 0,
            "skipped": 0,
            "pending": 0,
            "other": 0,
            "start": 1784473548.666144,
            "stop": 1784473548.6712434
        },
        "tests": [
            {
                "name": "test_outputs.py::test_all_checks_pass",
                "status": "passed",
                "duration": 0.0002593700774013996,
                "start": 1784473548.6704462,
                "stop": 1784473548.6708138,
                "retries": 0,
                "file_path": "test_outputs.py"
            },
            {
                "name": "test_outputs.py::test_expected_checks_present",
                "status": "passed",
                "duration": 0.00018564006313681602,
                "start": 1784473548.6709094,
                "stop": 1784473548.6711662,
                "retries": 0,
                "file_path": "test_outputs.py"
            }
        ]
    }
}