{
    "results": {
        "tool": {
            "name": "pytest",
            "version": "8.4.1"
        },
        "summary": {
            "tests": 2,
            "passed": 2,
            "failed": 0,
            "skipped": 0,
            "pending": 0,
            "other": 0,
            "start": 1784304048.6491532,
            "stop": 1784304048.6535425
        },
        "tests": [
            {
                "name": "test_outputs.py::test_all_numeric_checks_pass",
                "status": "passed",
                "duration": 0.0002471199259161949,
                "start": 1784304048.6527975,
                "stop": 1784304048.6531482,
                "retries": 0,
                "file_path": "test_outputs.py"
            },
            {
                "name": "test_outputs.py::test_expected_checks_present",
                "status": "passed",
                "duration": 0.00017734989523887634,
                "start": 1784304048.6532378,
                "stop": 1784304048.6534748,
                "retries": 0,
                "file_path": "test_outputs.py"
            }
        ]
    }
}