{
    "results": {
        "tool": {
            "name": "pytest",
            "version": "8.4.1"
        },
        "summary": {
            "tests": 2,
            "passed": 2,
            "failed": 0,
            "skipped": 0,
            "pending": 0,
            "other": 0,
            "start": 1784415194.7532754,
            "stop": 1784415194.7578754
        },
        "tests": [
            {
                "name": "test_outputs.py::test_all_checks_pass",
                "status": "passed",
                "duration": 0.0002295400481671095,
                "start": 1784415194.7571454,
                "stop": 1784415194.7574792,
                "retries": 0,
                "file_path": "test_outputs.py"
            },
            {
                "name": "test_outputs.py::test_expected_checks_present",
                "status": "passed",
                "duration": 0.00018065026961266994,
                "start": 1784415194.7575672,
                "stop": 1784415194.757807,
                "retries": 0,
                "file_path": "test_outputs.py"
            }
        ]
    }
}