{
    "results": {
        "tool": {
            "name": "pytest",
            "version": "8.4.1"
        },
        "summary": {
            "tests": 2,
            "passed": 2,
            "failed": 0,
            "skipped": 0,
            "pending": 0,
            "other": 0,
            "start": 1784319096.2237701,
            "stop": 1784319096.2279918
        },
        "tests": [
            {
                "name": "test_outputs.py::test_all_checks_pass",
                "status": "passed",
                "duration": 0.00023036007769405842,
                "start": 1784319096.2272685,
                "stop": 1784319096.227601,
                "retries": 0,
                "file_path": "test_outputs.py"
            },
            {
                "name": "test_outputs.py::test_expected_checks_present",
                "status": "passed",
                "duration": 0.00017086020670831203,
                "start": 1784319096.2276893,
                "stop": 1784319096.2279217,
                "retries": 0,
                "file_path": "test_outputs.py"
            }
        ]
    }
}