{
    "results": {
        "tool": {
            "name": "pytest",
            "version": "8.4.1"
        },
        "summary": {
            "tests": 2,
            "passed": 2,
            "failed": 0,
            "skipped": 0,
            "pending": 0,
            "other": 0,
            "start": 1784415945.3437614,
            "stop": 1784415945.3480184
        },
        "tests": [
            {
                "name": "test_outputs.py::test_all_numeric_checks_pass",
                "status": "passed",
                "duration": 0.0002302511129528284,
                "start": 1784415945.3473113,
                "stop": 1784415945.3476434,
                "retries": 0,
                "file_path": "test_outputs.py"
            },
            {
                "name": "test_outputs.py::test_expected_checks_present",
                "status": "passed",
                "duration": 0.0001602601259946823,
                "start": 1784415945.3477325,
                "stop": 1784415945.3479507,
                "retries": 0,
                "file_path": "test_outputs.py"
            }
        ]
    }
}