{
    "results": {
        "tool": {
            "name": "pytest",
            "version": "8.4.1"
        },
        "summary": {
            "tests": 2,
            "passed": 2,
            "failed": 0,
            "skipped": 0,
            "pending": 0,
            "other": 0,
            "start": 1784323536.0180545,
            "stop": 1784323536.0241609
        },
        "tests": [
            {
                "name": "test_outputs.py::test_all_shapes_correct",
                "status": "passed",
                "duration": 0.00027627008967101574,
                "start": 1784323536.0233452,
                "stop": 1784323536.0237327,
                "retries": 0,
                "file_path": "test_outputs.py"
            },
            {
                "name": "test_outputs.py::test_aggregate_speedup",
                "status": "passed",
                "duration": 0.0001913101878017187,
                "start": 1784323536.0238261,
                "stop": 1784323536.0240855,
                "retries": 0,
                "file_path": "test_outputs.py"
            }
        ]
    }
}