{
    "results": {
        "tool": {
            "name": "pytest",
            "version": "8.4.1"
        },
        "summary": {
            "tests": 2,
            "passed": 2,
            "failed": 0,
            "skipped": 0,
            "pending": 0,
            "other": 0,
            "start": 1784333087.4239879,
            "stop": 1784333087.4282355
        },
        "tests": [
            {
                "name": "test_outputs.py::test_all_correctness_and_perf_checks_pass",
                "status": "passed",
                "duration": 0.00022545992396771908,
                "start": 1784333087.4275277,
                "stop": 1784333087.4278548,
                "retries": 0,
                "file_path": "test_outputs.py"
            },
            {
                "name": "test_outputs.py::test_expected_checks_present",
                "status": "passed",
                "duration": 0.00016410020180046558,
                "start": 1784333087.4279442,
                "stop": 1784333087.4281673,
                "retries": 0,
                "file_path": "test_outputs.py"
            }
        ]
    }
}