{
  "results": {
    "tool": {
      "name": "pytest",
      "version": "8.4.1"
    },
    "summary": {
      "tests": 2,
      "passed": 2,
      "failed": 0,
      "skipped": 0,
      "pending": 0,
      "other": 0,
      "start": 1784313159.1987743,
      "stop": 1784313159.2030535
    },
    "tests": [
      {
        "name": "test_outputs.py::test_all_numeric_checks_pass",
        "status": "passed",
        "duration": 0.00022582989186048508,
        "start": 1784313159.2023447,
        "stop": 1784313159.2026727,
        "retries": 0,
        "file_path": "test_outputs.py"
      },
      {
        "name": "test_outputs.py::test_expected_checks_present",
        "status": "passed",
        "duration": 0.0001659700646996498,
        "start": 1784313159.2027628,
        "stop": 1784313159.202987,
        "retries": 0,
        "file_path": "test_outputs.py"
      }
    ]
  }
}
