{
  "results": {
    "tool": {
      "name": "pytest",
      "version": "8.4.1"
    },
    "summary": {
      "tests": 2,
      "passed": 2,
      "failed": 0,
      "skipped": 0,
      "pending": 0,
      "other": 0,
      "start": 1784310471.5055912,
      "stop": 1784310471.5101702
    },
    "tests": [
      {
        "name": "test_outputs.py::test_all_checks_pass",
        "status": "passed",
        "duration": 0.00022995006293058395,
        "start": 1784310471.5094502,
        "stop": 1784310471.5097852,
        "retries": 0,
        "file_path": "test_outputs.py"
      },
      {
        "name": "test_outputs.py::test_expected_checks_present",
        "status": "passed",
        "duration": 0.0001661502756178379,
        "start": 1784310471.5098753,
        "stop": 1784310471.5101025,
        "retries": 0,
        "file_path": "test_outputs.py"
      }
    ]
  }
}
