{
    "results": {
        "tool": {
            "name": "pytest",
            "version": "8.4.1"
        },
        "summary": {
            "tests": 2,
            "passed": 2,
            "failed": 0,
            "skipped": 0,
            "pending": 0,
            "other": 0,
            "start": 1784303778.3738043,
            "stop": 1784303778.3781414
        },
        "tests": [
            {
                "name": "test_outputs.py::test_all_checks_pass",
                "status": "passed",
                "duration": 0.00022064987570047379,
                "start": 1784303778.3774488,
                "stop": 1784303778.377769,
                "retries": 0,
                "file_path": "test_outputs.py"
            },
            {
                "name": "test_outputs.py::test_expected_checks_present",
                "status": "passed",
                "duration": 0.00016155000776052475,
                "start": 1784303778.377856,
                "stop": 1784303778.3780754,
                "retries": 0,
                "file_path": "test_outputs.py"
            }
        ]
    }
}