{
    "results": {
        "tool": {
            "name": "pytest",
            "version": "8.4.1"
        },
        "summary": {
            "tests": 2,
            "passed": 2,
            "failed": 0,
            "skipped": 0,
            "pending": 0,
            "other": 0,
            "start": 1784323573.2092936,
            "stop": 1784323573.2138524
        },
        "tests": [
            {
                "name": "test_outputs.py::test_all_checks_pass",
                "status": "passed",
                "duration": 0.00022893003188073635,
                "start": 1784323573.2131336,
                "stop": 1784323573.2134662,
                "retries": 0,
                "file_path": "test_outputs.py"
            },
            {
                "name": "test_outputs.py::test_expected_checks_present",
                "status": "passed",
                "duration": 0.00016618100926280022,
                "start": 1784323573.213556,
                "stop": 1784323573.2137833,
                "retries": 0,
                "file_path": "test_outputs.py"
            }
        ]
    }
}