{
  "results": {
    "tool": {
      "name": "pytest",
      "version": "8.4.1"
    },
    "summary": {
      "tests": 2,
      "passed": 2,
      "failed": 0,
      "skipped": 0,
      "pending": 0,
      "other": 0,
      "start": 1784310831.6084564,
      "stop": 1784310831.612733
    },
    "tests": [
      {
        "name": "test_outputs.py::test_all_checks_pass",
        "status": "passed",
        "duration": 0.00022442988120019436,
        "start": 1784310831.6120276,
        "stop": 1784310831.6123526,
        "retries": 0,
        "file_path": "test_outputs.py"
      },
      {
        "name": "test_outputs.py::test_expected_checks_present",
        "status": "passed",
        "duration": 0.00016498006880283356,
        "start": 1784310831.6124415,
        "stop": 1784310831.6126652,
        "retries": 0,
        "file_path": "test_outputs.py"
      }
    ]
  }
}
