{
    "results": {
        "tool": {
            "name": "pytest",
            "version": "8.4.1"
        },
        "summary": {
            "tests": 2,
            "passed": 2,
            "failed": 0,
            "skipped": 0,
            "pending": 0,
            "other": 0,
            "start": 1784397449.0591166,
            "stop": 1784397449.0634456
        },
        "tests": [
            {
                "name": "test_outputs.py::test_all_checks_pass",
                "status": "passed",
                "duration": 0.00022232020273804665,
                "start": 1784397449.0627394,
                "stop": 1784397449.0630622,
                "retries": 0,
                "file_path": "test_outputs.py"
            },
            {
                "name": "test_outputs.py::test_expected_checks_present",
                "status": "passed",
                "duration": 0.00016578985378146172,
                "start": 1784397449.0631526,
                "stop": 1784397449.063379,
                "retries": 0,
                "file_path": "test_outputs.py"
            }
        ]
    }
}