{
    "results": {
        "tool": {
            "name": "pytest",
            "version": "8.4.1"
        },
        "summary": {
            "tests": 2,
            "passed": 2,
            "failed": 0,
            "skipped": 0,
            "pending": 0,
            "other": 0,
            "start": 1784305207.1264756,
            "stop": 1784305207.1307583
        },
        "tests": [
            {
                "name": "test_outputs.py::test_all_correctness_and_perf_checks_pass",
                "status": "passed",
                "duration": 0.00023083994165062904,
                "start": 1784305207.1300368,
                "stop": 1784305207.1303706,
                "retries": 0,
                "file_path": "test_outputs.py"
            },
            {
                "name": "test_outputs.py::test_expected_checks_present",
                "status": "passed",
                "duration": 0.00016859034076333046,
                "start": 1784305207.1304612,
                "stop": 1784305207.1306903,
                "retries": 0,
                "file_path": "test_outputs.py"
            }
        ]
    }
}