{
    "results": {
        "tool": {
            "name": "pytest",
            "version": "8.4.1"
        },
        "summary": {
            "tests": 2,
            "passed": 2,
            "failed": 0,
            "skipped": 0,
            "pending": 0,
            "other": 0,
            "start": 1784332695.7767632,
            "stop": 1784332695.7811778
        },
        "tests": [
            {
                "name": "test_outputs.py::test_all_checks_pass",
                "status": "passed",
                "duration": 0.00025783106684684753,
                "start": 1784332695.7803404,
                "stop": 1784332695.7807052,
                "retries": 0,
                "file_path": "test_outputs.py"
            },
            {
                "name": "test_outputs.py::test_expected_checks_present",
                "status": "passed",
                "duration": 0.00021109008230268955,
                "start": 1784332695.7808304,
                "stop": 1784332695.7811067,
                "retries": 0,
                "file_path": "test_outputs.py"
            }
        ]
    }
}