{
    "results": {
        "tool": {
            "name": "pytest",
            "version": "8.4.1"
        },
        "summary": {
            "tests": 2,
            "passed": 2,
            "failed": 0,
            "skipped": 0,
            "pending": 0,
            "other": 0,
            "start": 1784399576.3776698,
            "stop": 1784399576.382839
        },
        "tests": [
            {
                "name": "test_outputs.py::test_all_checks_pass",
                "status": "passed",
                "duration": 0.00025917007587850094,
                "start": 1784399576.382044,
                "stop": 1784399576.3824155,
                "retries": 0,
                "file_path": "test_outputs.py"
            },
            {
                "name": "test_outputs.py::test_expected_checks_present",
                "status": "passed",
                "duration": 0.00018230010755360126,
                "start": 1784399576.382509,
                "stop": 1784399576.3827615,
                "retries": 0,
                "file_path": "test_outputs.py"
            }
        ]
    }
}