{
  "results": {
    "tool": {
      "name": "pytest",
      "version": "8.4.1"
    },
    "summary": {
      "tests": 2,
      "passed": 2,
      "failed": 0,
      "skipped": 0,
      "pending": 0,
      "other": 0,
      "start": 1784498338.8298893,
      "stop": 1784498338.8341453
    },
    "tests": [
      {
        "name": "test_outputs.py::test_all_numeric_checks_pass",
        "status": "passed",
        "duration": 0.0002217697910964489,
        "start": 1784498338.8334465,
        "stop": 1784498338.8337686,
        "retries": 0,
        "file_path": "test_outputs.py"
      },
      {
        "name": "test_outputs.py::test_expected_checks_present",
        "status": "passed",
        "duration": 0.0001597397495061159,
        "start": 1784498338.8338583,
        "stop": 1784498338.8340771,
        "retries": 0,
        "file_path": "test_outputs.py"
      }
    ]
  }
}
