{
  "results": {
    "tool": {
      "name": "pytest",
      "version": "8.4.1"
    },
    "summary": {
      "tests": 2,
      "passed": 2,
      "failed": 0,
      "skipped": 0,
      "pending": 0,
      "other": 0,
      "start": 1784499206.804657,
      "stop": 1784499206.8088515
    },
    "tests": [
      {
        "name": "test_outputs.py::test_all_checks_pass",
        "status": "passed",
        "duration": 0.00028156000189483166,
        "start": 1784499206.808079,
        "stop": 1784499206.808466,
        "retries": 0,
        "file_path": "test_outputs.py"
      },
      {
        "name": "test_outputs.py::test_expected_checks_present",
        "status": "passed",
        "duration": 0.00017780018970370293,
        "start": 1784499206.808549,
        "stop": 1784499206.8087833,
        "retries": 0,
        "file_path": "test_outputs.py"
      }
    ]
  }
}
