{
    "results": {
        "tool": {
            "name": "pytest",
            "version": "8.4.1"
        },
        "summary": {
            "tests": 2,
            "passed": 2,
            "failed": 0,
            "skipped": 0,
            "pending": 0,
            "other": 0,
            "start": 1784660122.1636467,
            "stop": 1784660122.1679144
        },
        "tests": [
            {
                "name": "test_outputs.py::test_all_checks_pass",
                "status": "passed",
                "duration": 0.00021692970767617226,
                "start": 1784660122.1672294,
                "stop": 1784660122.167544,
                "retries": 0,
                "file_path": "test_outputs.py"
            },
            {
                "name": "test_outputs.py::test_expected_checks_present",
                "status": "passed",
                "duration": 0.0001607406884431839,
                "start": 1784660122.1676307,
                "stop": 1784660122.167849,
                "retries": 0,
                "file_path": "test_outputs.py"
            }
        ]
    }
}