{
    "results": {
        "tool": {
            "name": "pytest",
            "version": "8.4.1"
        },
        "summary": {
            "tests": 2,
            "passed": 2,
            "failed": 0,
            "skipped": 0,
            "pending": 0,
            "other": 0,
            "start": 1784429318.9302487,
            "stop": 1784429318.9344985
        },
        "tests": [
            {
                "name": "test_outputs.py::test_all_numeric_checks_pass",
                "status": "passed",
                "duration": 0.00022011972032487392,
                "start": 1784429318.9337993,
                "stop": 1784429318.9341195,
                "retries": 0,
                "file_path": "test_outputs.py"
            },
            {
                "name": "test_outputs.py::test_expected_checks_present",
                "status": "passed",
                "duration": 0.00016320077702403069,
                "start": 1784429318.9342089,
                "stop": 1784429318.9344313,
                "retries": 0,
                "file_path": "test_outputs.py"
            }
        ]
    }
}