{
    "results": {
        "tool": {
            "name": "pytest",
            "version": "8.4.1"
        },
        "summary": {
            "tests": 2,
            "passed": 2,
            "failed": 0,
            "skipped": 0,
            "pending": 0,
            "other": 0,
            "start": 1784458624.6886888,
            "stop": 1784458624.6930792
        },
        "tests": [
            {
                "name": "test_outputs.py::test_all_checks_pass",
                "status": "passed",
                "duration": 0.00022940989583730698,
                "start": 1784458624.6922953,
                "stop": 1784458624.6926267,
                "retries": 0,
                "file_path": "test_outputs.py"
            },
            {
                "name": "test_outputs.py::test_expected_checks_present",
                "status": "passed",
                "duration": 0.00023126020096242428,
                "start": 1784458624.6927168,
                "stop": 1784458624.6930108,
                "retries": 0,
                "file_path": "test_outputs.py"
            }
        ]
    }
}