{
  "shape": {
    "M": 8192,
    "N": 8192,
    "K": 8192
  },
  "warmup": 3,
  "repeats": 10,
  "original": {
    "source": "/tests/original_04-preshuffle_gemm.py",
    "accuracy": {
      "correct": true,
      "max_abs": 0.25,
      "max_violation": -0.0007156144129112363
    },
    "perf": {
      "median_ms": 1.6117985248565674,
      "times_ms": [
        1.7117819786071777,
        1.6718209981918335,
        1.605538010597229,
        1.655060052871704,
        1.6313790082931519,
        1.553657054901123,
        1.6180590391159058,
        1.5910179615020752,
        1.5433770418167114,
        1.5836169719696045
      ]
    }
  },
  "candidate": {
    "source": "/app/04-preshuffle_gemm.py",
    "accuracy": {
      "correct": true,
      "max_abs": 0.0,
      "max_violation": -0.0010000037727877498
    },
    "perf": {
      "median_ms": 1.3236485123634338,
      "times_ms": [
        1.5054550170898438,
        1.3649699687957764,
        1.3863309621810913,
        1.3394490480422974,
        1.3064080476760864,
        1.3390090465545654,
        1.282086968421936,
        1.2780460119247437,
        1.3082879781723022,
        1.2491250038146973
      ]
    }
  },
  "candidate_vs_original_max_abs": 0.25,
  "candidate_isa_dir": "/tmp/flydsl_candidate_isa"
}