{
    "results": {
        "tool": {
            "name": "pytest",
            "version": "8.4.1"
        },
        "summary": {
            "tests": 2,
            "passed": 2,
            "failed": 0,
            "skipped": 0,
            "pending": 0,
            "other": 0,
            "start": 1784471070.6874359,
            "stop": 1784471070.692034
        },
        "tests": [
            {
                "name": "test_outputs.py::test_all_checks_pass",
                "status": "passed",
                "duration": 0.0002306413371115923,
                "start": 1784471070.6913128,
                "stop": 1784471070.6916487,
                "retries": 0,
                "file_path": "test_outputs.py"
            },
            {
                "name": "test_outputs.py::test_expected_checks_present",
                "status": "passed",
                "duration": 0.0001655002124607563,
                "start": 1784471070.6917381,
                "stop": 1784471070.6919653,
                "retries": 0,
                "file_path": "test_outputs.py"
            }
        ]
    }
}