{
    "results": {
        "tool": {
            "name": "pytest",
            "version": "8.4.1"
        },
        "summary": {
            "tests": 2,
            "passed": 2,
            "failed": 0,
            "skipped": 0,
            "pending": 0,
            "other": 0,
            "start": 1784463235.6628988,
            "stop": 1784463235.667159
        },
        "tests": [
            {
                "name": "test_outputs.py::test_all_checks_pass",
                "status": "passed",
                "duration": 0.0002865600399672985,
                "start": 1784463235.6663973,
                "stop": 1784463235.6667886,
                "retries": 0,
                "file_path": "test_outputs.py"
            },
            {
                "name": "test_outputs.py::test_expected_checks_present",
                "status": "passed",
                "duration": 0.00016961991786956787,
                "start": 1784463235.66687,
                "stop": 1784463235.6670935,
                "retries": 0,
                "file_path": "test_outputs.py"
            }
        ]
    }
}