{
    "results": {
        "tool": {
            "name": "pytest",
            "version": "8.4.1"
        },
        "summary": {
            "tests": 2,
            "passed": 2,
            "failed": 0,
            "skipped": 0,
            "pending": 0,
            "other": 0,
            "start": 1784303696.9937031,
            "stop": 1784303696.998261
        },
        "tests": [
            {
                "name": "test_outputs.py::test_all_checks_pass",
                "status": "passed",
                "duration": 0.00022295978851616383,
                "start": 1784303696.9975538,
                "stop": 1784303696.9978783,
                "retries": 0,
                "file_path": "test_outputs.py"
            },
            {
                "name": "test_outputs.py::test_expected_checks_present",
                "status": "passed",
                "duration": 0.0001648410689085722,
                "start": 1784303696.997969,
                "stop": 1784303696.9981935,
                "retries": 0,
                "file_path": "test_outputs.py"
            }
        ]
    }
}