{
    "results": {
        "tool": {
            "name": "pytest",
            "version": "8.4.1"
        },
        "summary": {
            "tests": 2,
            "passed": 2,
            "failed": 0,
            "skipped": 0,
            "pending": 0,
            "other": 0,
            "start": 1784532066.422463,
            "stop": 1784532066.4270082
        },
        "tests": [
            {
                "name": "test_outputs.py::test_all_checks_pass",
                "status": "passed",
                "duration": 0.00023138965480029583,
                "start": 1784532066.426295,
                "stop": 1784532066.4266274,
                "retries": 0,
                "file_path": "test_outputs.py"
            },
            {
                "name": "test_outputs.py::test_expected_checks_present",
                "status": "passed",
                "duration": 0.00016694003716111183,
                "start": 1784532066.4267151,
                "stop": 1784532066.4269404,
                "retries": 0,
                "file_path": "test_outputs.py"
            }
        ]
    }
}