{
    "results": {
        "tool": {
            "name": "pytest",
            "version": "8.4.1"
        },
        "summary": {
            "tests": 2,
            "passed": 2,
            "failed": 0,
            "skipped": 0,
            "pending": 0,
            "other": 0,
            "start": 1784471712.6507137,
            "stop": 1784471712.6549878
        },
        "tests": [
            {
                "name": "test_outputs.py::test_all_numeric_checks_pass",
                "status": "passed",
                "duration": 0.00022374093532562256,
                "start": 1784471712.654276,
                "stop": 1784471712.6546023,
                "retries": 0,
                "file_path": "test_outputs.py"
            },
            {
                "name": "test_outputs.py::test_expected_checks_present",
                "status": "passed",
                "duration": 0.00016765971668064594,
                "start": 1784471712.654692,
                "stop": 1784471712.6549196,
                "retries": 0,
                "file_path": "test_outputs.py"
            }
        ]
    }
}