{
    "results": {
        "tool": {
            "name": "pytest",
            "version": "8.4.1"
        },
        "summary": {
            "tests": 2,
            "passed": 2,
            "failed": 0,
            "skipped": 0,
            "pending": 0,
            "other": 0,
            "start": 1784303555.7539465,
            "stop": 1784303555.7585475
        },
        "tests": [
            {
                "name": "test_outputs.py::test_all_checks_pass",
                "status": "passed",
                "duration": 0.00023201084695756435,
                "start": 1784303555.7578268,
                "stop": 1784303555.7581625,
                "retries": 0,
                "file_path": "test_outputs.py"
            },
            {
                "name": "test_outputs.py::test_expected_checks_present",
                "status": "passed",
                "duration": 0.00016667996533215046,
                "start": 1784303555.7582521,
                "stop": 1784303555.7584796,
                "retries": 0,
                "file_path": "test_outputs.py"
            }
        ]
    }
}