{
    "results": {
        "tool": {
            "name": "pytest",
            "version": "8.4.1"
        },
        "summary": {
            "tests": 2,
            "passed": 2,
            "failed": 0,
            "skipped": 0,
            "pending": 0,
            "other": 0,
            "start": 1784388348.9917617,
            "stop": 1784388348.9963837
        },
        "tests": [
            {
                "name": "test_outputs.py::test_all_checks_pass",
                "status": "passed",
                "duration": 0.00023000012151896954,
                "start": 1784388348.9956613,
                "stop": 1784388348.9959967,
                "retries": 0,
                "file_path": "test_outputs.py"
            },
            {
                "name": "test_outputs.py::test_expected_checks_present",
                "status": "passed",
                "duration": 0.0001656804233789444,
                "start": 1784388348.9960873,
                "stop": 1784388348.996314,
                "retries": 0,
                "file_path": "test_outputs.py"
            }
        ]
    }
}