{
  "results": {
    "tool": {
      "name": "pytest",
      "version": "8.4.1"
    },
    "summary": {
      "tests": 2,
      "passed": 2,
      "failed": 0,
      "skipped": 0,
      "pending": 0,
      "other": 0,
      "start": 1784524194.1728926,
      "stop": 1784524194.1770482
    },
    "tests": [
      {
        "name": "test_outputs.py::test_all_checks_pass",
        "status": "passed",
        "duration": 0.000277120154350996,
        "start": 1784524194.176289,
        "stop": 1784524194.1766675,
        "retries": 0,
        "file_path": "test_outputs.py"
      },
      {
        "name": "test_outputs.py::test_expected_checks_present",
        "status": "passed",
        "duration": 0.00017328979447484016,
        "start": 1784524194.1767528,
        "stop": 1784524194.1769817,
        "retries": 0,
        "file_path": "test_outputs.py"
      }
    ]
  }
}
