{
  "results": {
    "tool": {
      "name": "pytest",
      "version": "8.4.1"
    },
    "summary": {
      "tests": 2,
      "passed": 2,
      "failed": 0,
      "skipped": 0,
      "pending": 0,
      "other": 0,
      "start": 1784523533.1708884,
      "stop": 1784523533.1751897
    },
    "tests": [
      {
        "name": "test_outputs.py::test_all_checks_pass",
        "status": "passed",
        "duration": 0.00021783006377518177,
        "start": 1784523533.174499,
        "stop": 1784523533.1748173,
        "retries": 0,
        "file_path": "test_outputs.py"
      },
      {
        "name": "test_outputs.py::test_expected_checks_present",
        "status": "passed",
        "duration": 0.00016268971376121044,
        "start": 1784523533.174904,
        "stop": 1784523533.175124,
        "retries": 0,
        "file_path": "test_outputs.py"
      }
    ]
  }
}
