{
    "results": {
        "tool": {
            "name": "pytest",
            "version": "8.4.1"
        },
        "summary": {
            "tests": 2,
            "passed": 2,
            "failed": 0,
            "skipped": 0,
            "pending": 0,
            "other": 0,
            "start": 1784441835.3520737,
            "stop": 1784441835.3566518
        },
        "tests": [
            {
                "name": "test_outputs.py::test_all_checks_pass",
                "status": "passed",
                "duration": 0.00022463034838438034,
                "start": 1784441835.3559442,
                "stop": 1784441835.356269,
                "retries": 0,
                "file_path": "test_outputs.py"
            },
            {
                "name": "test_outputs.py::test_expected_checks_present",
                "status": "passed",
                "duration": 0.00016476004384458065,
                "start": 1784441835.3563588,
                "stop": 1784441835.356583,
                "retries": 0,
                "file_path": "test_outputs.py"
            }
        ]
    }
}